"u","ids","object_id","vtkValidPointMask","arc_length","Points:0","Points:1","Points:2"
1.5636e-26,65,0,1,0,5,0,0
1.1956e-13,65,0,1,0.01,5,0.01,0
2.3912e-13,65,0,1,0.02,5,0.02,0
3.5869e-13,65,0,1,0.03,5,0.03,0
4.7825e-13,65,0,1,0.04,5,0.04,0
5.9781e-13,65,0,1,0.05,5,0.05,0
7.1737e-13,65,0,1,0.06,5,0.06,0
8.3694e-13,65,0,1,0.07,5,0.07,0
9.4832e-13,193,0,1,0.08,5,0.08,0
1.0243e-12,193,0,1,0.09,5,0.09,0
1.1002e-12,193,0,1,0.1,5,0.1,0
1.1762e-12,193,0,1,0.11,5,0.11,0
1.2521e-12,193,0,1,0.12,5,0.12,0
1.3281e-12,193,0,1,0.13,5,0.13,0
1.404e-12,193,0,1,0.14,5,0.14,0
1.48e-12,193,0,1,0.15,5,0.15,0
1.5998e-12,321,0,1,0.16,5,0.16,0
1.7927e-12,321,0,1,0.17,5,0.17,0
1.9856e-12,321,0,1,0.18,5,0.18,0
2.1786e-12,321,0,1,0.19,5,0.19,0
2.3715e-12,321,0,1,0.2,5,0.2,0
2.5645e-12,321,0,1,0.21,5,0.21,0
2.7574e-12,321,0,1,0.22,5,0.22,0
2.9503e-12,321,0,1,0.23,5,0.23,0
3.2011e-12,449,0,1,0.24,5,0.24,0
3.4967e-12,449,0,1,0.25,5,0.25,0
3.7924e-12,449,0,1,0.26,5,0.26,0
4.088e-12,449,0,1,0.27,5,0.27,0
4.3837e-12,449,0,1,0.28,5,0.28,0
4.6793e-12,449,0,1,0.29,5,0.29,0
4.975e-12,449,0,1,0.3,5,0.3,0
5.2707e-12,449,0,1,0.31,5,0.31,0
5.7367e-12,577,0,1,0.32,5,0.32,0
6.2595e-12,577,0,1,0.33,5,0.33,0
6.7824e-12,577,0,1,0.34,5,0.34,0
7.3052e-12,577,0,1,0.35,5,0.35,0
7.8281e-12,577,0,1,0.36,5,0.36,0
8.3509e-12,577,0,1,0.37,5,0.37,0
8.8737e-12,577,0,1,0.38,5,0.38,0
9.3966e-12,577,0,1,0.39,5,0.39,0
1.0277e-11,705,0,1,0.4,5,0.4,0
1.118e-11,705,0,1,0.41,5,0.41,0
1.2084e-11,705,0,1,0.42,5,0.42,0
1.2988e-11,705,0,1,0.43,5,0.43,0
1.3891e-11,705,0,1,0.44,5,0.44,0
1.4795e-11,705,0,1,0.45,5,0.45,0
1.5699e-11,705,0,1,0.46,5,0.46,0
1.6685e-11,833,0,1,0.47,5,0.47,0
1.8246e-11,833,0,1,0.48,5,0.48,0
1.9806e-11,833,0,1,0.49,5,0.49,0
2.1367e-11,833,0,1,0.5,5,0.5,0
2.2928e-11,833,0,1,0.51,5,0.51,0
2.4489e-11,833,0,1,0.52,5,0.52,0
2.6049e-11,833,0,1,0.53,5,0.53,0
2.761e-11,833,0,1,0.54,5,0.54,0
2.952e-11,961,0,1,0.55,5,0.55,0
3.2197e-11,961,0,1,0.56,5,0.56,0
3.4875e-11,961,0,1,0.57,5,0.57,0
3.7553e-11,961,0,1,0.58,5,0.58,0
4.023e-11,961,0,1,0.59,5,0.59,0
4.2908e-11,961,0,1,0.6,5,0.6,0
4.5585e-11,961,0,1,0.61,5,0.61,0
4.8263e-11,961,0,1,0.62,5,0.62,0
5.188e-11,1089,0,1,0.63,5,0.63,0
5.6439e-11,1089,0,1,0.64,5,0.64,0
6.0997e-11,1089,0,1,0.65,5,0.65,0
6.5555e-11,1089,0,1,0.66,5,0.66,0
7.0113e-11,1089,0,1,0.67,5,0.67,0
7.4671e-11,1089,0,1,0.68,5,0.68,0
7.9229e-11,1089,0,1,0.69,5,0.69,0
8.3787e-11,1089,0,1,0.7,5,0.7,0
9.0511e-11,1217,0,1,0.71,5,0.71,0
9.8221e-11,1217,0,1,0.72,5,0.72,0
1.0593e-10,1217,0,1,0.73,5,0.73,0
1.1364e-10,1217,0,1,0.74,5,0.74,0
1.2135e-10,1217,0,1,0.75,5,0.75,0
1.2906e-10,1217,0,1,0.76,5,0.76,0
1.3677e-10,1217,0,1,0.77,5,0.77,0
1.4448e-10,1217,0,1,0.78,5,0.78,0
1.5677e-10,1345,0,1,0.79,5,0.79,0
1.6972e-10,1345,0,1,0.8,5,0.8,0
1.8267e-10,1345,0,1,0.81,5,0.81,0
1.9563e-10,1345,0,1,0.82,5,0.82,0
2.0858e-10,1345,0,1,0.83,5,0.83,0
2.2153e-10,1345,0,1,0.84,5,0.84,0
2.3448e-10,1345,0,1,0.85,5,0.85,0
2.4797e-10,1473,0,1,0.86,5,0.86,0
2.6959e-10,1473,0,1,0.87,5,0.87,0
2.912e-10,1473,0,1,0.88,5,0.88,0
3.1282e-10,1473,0,1,0.89,5,0.89,0
3.3443e-10,1473,0,1,0.9,5,0.9,0
3.5605e-10,1473,0,1,0.91,5,0.91,0
3.7766e-10,1473,0,1,0.92,5,0.92,0
3.9928e-10,1473,0,1,0.93,5,0.93,0
4.2445e-10,1601,0,1,0.94,5,0.94,0
4.6029e-10,1601,0,1,0.95,5,0.95,0
4.9613e-10,1601,0,1,0.96,5,0.96,0
5.3197e-10,1601,0,1,0.97,5,0.97,0
5.678e-10,1601,0,1,0.98,5,0.98,0
6.0364e-10,1601,0,1,0.99,5,0.99,0
6.3948e-10,1601,0,1,1,5,1,0
6.7532e-10,1601,0,1,1.01,5,1.01,0
7.2131e-10,1729,0,1,1.02,5,1.02,0
7.8034e-10,1729,0,1,1.03,5,1.03,0
8.3937e-10,1729,0,1,1.04,5,1.04,0
8.984e-10,1729,0,1,1.05,5,1.05,0
9.5743e-10,1729,0,1,1.06,5,1.06,0
1.0165e-09,1729,0,1,1.07,5,1.07,0
1.0755e-09,1729,0,1,1.08,5,1.08,0
1.1345e-09,1729,0,1,1.09,5,1.09,0
1.217e-09,1857,0,1,1.1,5,1.1,0
1.3136e-09,1857,0,1,1.11,5,1.11,0
1.4102e-09,1857,0,1,1.12,5,1.12,0
1.5068e-09,1857,0,1,1.13,5,1.13,0
1.6034e-09,1857,0,1,1.14,5,1.14,0
1.7e-09,1857,0,1,1.15,5,1.15,0
1.7966e-09,1857,0,1,1.16,5,1.16,0
1.8932e-09,1856,0,1,1.17,5,1.17,0
2.0389e-09,1984,0,1,1.18,5,1.18,0
2.196e-09,1984,0,1,1.19,5,1.19,0
2.353e-09,1984,0,1,1.2,5,1.2,0
2.51e-09,1985,0,1,1.21,5,1.21,0
2.6671e-09,1985,0,1,1.22,5,1.22,0
2.8241e-09,1985,0,1,1.23,5,1.23,0
2.9811e-09,1985,0,1,1.24,5,1.24,0
3.1382e-09,1984,0,1,1.25,5,1.25,0
3.3918e-09,2112,0,1,1.26,5,1.26,0
3.6454e-09,2112,0,1,1.27,5,1.27,0
3.899e-09,2112,0,1,1.28,5,1.28,0
4.1527e-09,2112,0,1,1.29,5,1.29,0
4.4063e-09,2112,0,1,1.3,5,1.3,0
4.6599e-09,2112,0,1,1.31,5,1.31,0
4.9135e-09,2112,0,1,1.32,5,1.32,0
5.1959e-09,2240,0,1,1.33,5,1.33,0
5.6029e-09,2240,0,1,1.34,5,1.34,0
6.0098e-09,2240,0,1,1.35,5,1.35,0
6.4168e-09,2240,0,1,1.36,5,1.36,0
6.8237e-09,2240,0,1,1.37,5,1.37,0
7.2307e-09,2240,0,1,1.38,5,1.38,0
7.6376e-09,2240,0,1,1.39,5,1.39,0
8.0446e-09,2240,0,1,1.4,5,1.4,0
8.5422e-09,2368,0,1,1.41,5,1.41,0
9.1909e-09,2368,0,1,1.42,5,1.42,0
9.8396e-09,2368,0,1,1.43,5,1.43,0
1.0488e-08,2368,0,1,1.44,5,1.44,0
1.1137e-08,2368,0,1,1.45,5,1.45,0
1.1786e-08,2368,0,1,1.46,5,1.46,0
1.2435e-08,2368,0,1,1.47,5,1.47,0
1.3083e-08,2368,0,1,1.48,5,1.48,0
1.3945e-08,2496,0,1,1.49,5,1.49,0
1.4972e-08,2496,0,1,1.5,5,1.5,0
1.6e-08,2496,0,1,1.51,5,1.51,0
1.7027e-08,2496,0,1,1.52,5,1.52,0
1.8055e-08,2496,0,1,1.53,5,1.53,0
1.9082e-08,2496,0,1,1.54,5,1.54,0
2.011e-08,2496,0,1,1.55,5,1.55,0
2.1137e-08,2496,0,1,1.56,5,1.56,0
2.2606e-08,2624,0,1,1.57,5,1.57,0
2.4223e-08,2624,0,1,1.58,5,1.58,0
2.584e-08,2624,0,1,1.59,5,1.59,0
2.7456e-08,2624,0,1,1.6,5,1.6,0
2.9073e-08,2624,0,1,1.61,5,1.61,0
3.069e-08,2624,0,1,1.62,5,1.62,0
3.2306e-08,2624,0,1,1.63,5,1.63,0
3.3923e-08,2624,0,1,1.64,5,1.64,0
3.6393e-08,2752,0,1,1.65,5,1.65,0
3.8921e-08,2752,0,1,1.66,5,1.66,0
4.1448e-08,2752,0,1,1.67,5,1.67,0
4.3976e-08,2752,0,1,1.68,5,1.68,0
4.6503e-08,2752,0,1,1.69,5,1.69,0
4.903e-08,2752,0,1,1.7,5,1.7,0
5.1558e-08,2752,0,1,1.71,5,1.71,0
5.426e-08,2880,0,1,1.72,5,1.72,0
5.8185e-08,2880,0,1,1.73,5,1.73,0
6.2111e-08,2880,0,1,1.74,5,1.74,0
6.6036e-08,2880,0,1,1.75,5,1.75,0
6.9961e-08,2880,0,1,1.76,5,1.76,0
7.3887e-08,2880,0,1,1.77,5,1.77,0
7.7812e-08,2880,0,1,1.78,5,1.78,0
8.1738e-08,2880,0,1,1.79,5,1.79,0
8.6329e-08,3008,0,1,1.8,5,1.8,0
9.2387e-08,3008,0,1,1.81,5,1.81,0
9.8445e-08,3008,0,1,1.82,5,1.82,0
1.045e-07,3009,0,1,1.83,5,1.83,0
1.1056e-07,3009,0,1,1.84,5,1.84,0
1.1662e-07,3009,0,1,1.85,5,1.85,0
1.2267e-07,3009,0,1,1.86,5,1.86,0
1.2873e-07,3009,0,1,1.87,5,1.87,0
1.364e-07,3137,0,1,1.88,5,1.88,0
1.4569e-07,3137,0,1,1.89,5,1.89,0
1.5498e-07,3137,0,1,1.9,5,1.9,0
1.6427e-07,3137,0,1,1.91,5,1.91,0
1.7355e-07,3137,0,1,1.92,5,1.92,0
1.8284e-07,3137,0,1,1.93,5,1.93,0
1.9213e-07,3137,0,1,1.94,5,1.94,0
2.0142e-07,3137,0,1,1.95,5,1.95,0
2.1405e-07,3265,0,1,1.96,5,1.96,0
2.2819e-07,3265,0,1,1.97,5,1.97,0
2.4234e-07,3265,0,1,1.98,5,1.98,0
2.5649e-07,3265,0,1,1.99,5,1.99,0
2.7064e-07,3265,0,1,2,5,2,0
2.8478e-07,3265,0,1,2.01,5,2.01,0
2.9893e-07,3265,0,1,2.02,5,2.02,0
3.1308e-07,3265,0,1,2.03,5,2.03,0
3.3358e-07,3393,0,1,2.04,5,2.04,0
3.5499e-07,3393,0,1,2.05,5,2.05,0
3.7641e-07,3393,0,1,2.06,5,2.06,0
3.9782e-07,3393,0,1,2.07,5,2.07,0
4.1923e-07,3393,0,1,2.08,5,2.08,0
4.4064e-07,3393,0,1,2.09,5,2.09,0
4.6205e-07,3393,0,1,2.1,5,2.1,0
4.8414e-07,3521,0,1,2.11,5,2.11,0
5.1634e-07,3521,0,1,2.12,5,2.12,0
5.4854e-07,3521,0,1,2.13,5,2.13,0
5.8073e-07,3521,0,1,2.14,5,2.14,0
6.1293e-07,3521,0,1,2.15,5,2.15,0
6.4513e-07,3521,0,1,2.16,5,2.16,0
6.7733e-07,3521,0,1,2.17,5,2.17,0
7.0952e-07,3521,0,1,2.18,5,2.18,0
7.457e-07,3649,0,1,2.19,5,2.19,0
7.938e-07,3649,0,1,2.2,5,2.2,0
8.4191e-07,3649,0,1,2.21,5,2.21,0
8.9001e-07,3649,0,1,2.22,5,2.22,0
9.3812e-07,3649,0,1,2.23,5,2.23,0
9.8623e-07,3649,0,1,2.24,5,2.24,0
1.0343e-06,3649,0,1,2.25,5,2.25,0
1.0824e-06,3649,0,1,2.26,5,2.26,0
1.1407e-06,3777,0,1,2.27,5,2.27,0
1.2121e-06,3777,0,1,2.28,5,2.28,0
1.2836e-06,3777,0,1,2.29,5,2.29,0
1.355e-06,3777,0,1,2.3,5,2.3,0
1.4264e-06,3777,0,1,2.31,5,2.31,0
1.4978e-06,3777,0,1,2.32,5,2.32,0
1.5692e-06,3777,0,1,2.33,5,2.33,0
1.6406e-06,3777,0,1,2.34,5,2.34,0
1.7332e-06,3905,0,1,2.35,5,2.35,0
1.8385e-06,3905,0,1,2.36,5,2.36,0
1.9438e-06,3905,0,1,2.37,5,2.37,0
2.0492e-06,3905,0,1,2.38,5,2.38,0
2.1545e-06,3905,0,1,2.39,5,2.39,0
2.2598e-06,3905,0,1,2.4,5,2.4,0
2.3651e-06,3905,0,1,2.41,5,2.41,0
2.4705e-06,3905,0,1,2.42,5,2.42,0
2.6156e-06,4033,0,1,2.43,5,2.43,0
2.7699e-06,4033,0,1,2.44,5,2.44,0
2.9243e-06,4033,0,1,2.45,5,2.45,0
3.0786e-06,4033,0,1,2.46,5,2.46,0
3.233e-06,4033,0,1,2.47,5,2.47,0
3.3873e-06,4033,0,1,2.48,5,2.48,0
3.5416e-06,4033,0,1,2.49,5,2.49,0
3.696e-06,4032,0,1,2.5,5,2.5,0
3.9207e-06,4160,0,1,2.51,5,2.51,0
4.1454e-06,4160,0,1,2.52,5,2.52,0
4.3701e-06,4160,0,1,2.53,5,2.53,0
4.5948e-06,4160,0,1,2.54,5,2.54,0
4.8195e-06,4160,0,1,2.55,5,2.55,0
5.0442e-06,4160,0,1,2.56,5,2.56,0
5.269e-06,4160,0,1,2.57,5,2.57,0
5.5125e-06,4288,0,1,2.58,5,2.58,0
5.8376e-06,4288,0,1,2.59,5,2.59,0
6.1626e-06,4288,0,1,2.6,5,2.6,0
6.4877e-06,4288,0,1,2.61,5,2.61,0
6.8128e-06,4288,0,1,2.62,5,2.62,0
7.1379e-06,4288,0,1,2.63,5,2.63,0
7.463e-06,4288,0,1,2.64,5,2.64,0
7.788e-06,4288,0,1,2.65,5,2.65,0
8.1664e-06,4416,0,1,2.66,5,2.66,0
8.6337e-06,4416,0,1,2.67,5,2.67,0
9.1009e-06,4416,0,1,2.68,5,2.68,0
9.5682e-06,4416,0,1,2.69,5,2.69,0
1.0035e-05,4416,0,1,2.7,5,2.7,0
1.0503e-05,4416,0,1,2.71,5,2.71,0
1.097e-05,4416,0,1,2.72,5,2.72,0
1.1437e-05,4416,0,1,2.73,5,2.73,0
1.2017e-05,4544,0,1,2.74,5,2.74,0
1.2684e-05,4544,0,1,2.75,5,2.75,0
1.3351e-05,4544,0,1,2.76,5,2.76,0
1.4019e-05,4544,0,1,2.77,5,2.77,0
1.4686e-05,4544,0,1,2.78,5,2.78,0
1.5353e-05,4544,0,1,2.79,5,2.79,0
1.602e-05,4544,0,1,2.8,5,2.8,0
1.6688e-05,4545,0,1,2.81,5,2.81,0
1.7565e-05,4673,0,1,2.82,5,2.82,0
1.8511e-05,4673,0,1,2.83,5,2.83,0
1.9458e-05,4673,0,1,2.84,5,2.84,0
2.0405e-05,4673,0,1,2.85,5,2.85,0
2.1352e-05,4673,0,1,2.86,5,2.86,0
2.2299e-05,4673,0,1,2.87,5,2.87,0
2.3245e-05,4673,0,1,2.88,5,2.88,0
2.4192e-05,4673,0,1,2.89,5,2.89,0
2.5503e-05,4801,0,1,2.9,5,2.9,0
2.6837e-05,4801,0,1,2.91,5,2.91,0
2.8172e-05,4801,0,1,2.92,5,2.92,0
2.9507e-05,4801,0,1,2.93,5,2.93,0
3.0842e-05,4801,0,1,2.94,5,2.94,0
3.2176e-05,4801,0,1,2.95,5,2.95,0
3.3511e-05,4801,0,1,2.96,5,2.96,0
3.4913e-05,4929,0,1,2.97,5,2.97,0
3.6782e-05,4929,0,1,2.98,5,2.98,0
3.8652e-05,4929,0,1,2.99,5,2.99,0
4.0521e-05,4929,0,1,3,5,3,0
4.2391e-05,4929,0,1,3.01,5,3.01,0
4.4261e-05,4929,0,1,3.02,5,3.02,0
4.613e-05,4929,0,1,3.03,5,3.03,0
4.8e-05,4929,0,1,3.04,5,3.04,0
5.0098e-05,5057,0,1,3.05,5,3.05,0
5.27e-05,5057,0,1,3.06,5,3.06,0
5.5302e-05,5057,0,1,3.07,5,3.07,0
5.7904e-05,5057,0,1,3.08,5,3.08,0
6.0506e-05,5057,0,1,3.09,5,3.09,0
6.3107e-05,5057,0,1,3.1,5,3.1,0
6.5709e-05,5057,0,1,3.11,5,3.11,0
6.8311e-05,5057,0,1,3.12,5,3.12,0
7.1411e-05,5185,0,1,3.13,5,3.13,0
7.5008e-05,5185,0,1,3.14,5,3.14,0
7.8606e-05,5185,0,1,3.15,5,3.15,0
8.2204e-05,5185,0,1,3.16,5,3.16,0
8.5801e-05,5185,0,1,3.17,5,3.17,0
8.9399e-05,5185,0,1,3.18,5,3.18,0
9.2996e-05,5185,0,1,3.19,5,3.19,0
9.6594e-05,5185,0,1,3.2,5,3.2,0
0.00010112,5313,0,1,3.21,5,3.21,0
0.00010606,5313,0,1,3.22,5,3.22,0
0.000111,5313,0,1,3.23,5,3.23,0
0.00011594,5313,0,1,3.24,5,3.24,0
0.00012089,5313,0,1,3.25,5,3.25,0
0.00012583,5313,0,1,3.26,5,3.26,0
0.00013077,5313,0,1,3.27,5,3.27,0
0.00013571,5313,0,1,3.28,5,3.28,0
0.00014223,5441,0,1,3.29,5,3.29,0
0.00014898,5441,0,1,3.3,5,3.3,0
0.00015572,5441,0,1,3.31,5,3.31,0
0.00016247,5441,0,1,3.32,5,3.32,0
0.00016922,5441,0,1,3.33,5,3.33,0
0.00017596,5441,0,1,3.34,5,3.34,0
0.00018271,5441,0,1,3.35,5,3.35,0
0.0001896,5569,0,1,3.36,5,3.36,0
0.00019875,5569,0,1,3.37,5,3.37,0
0.0002079,5569,0,1,3.38,5,3.38,0
0.00021705,5569,0,1,3.39,5,3.39,0
0.0002262,5569,0,1,3.4,5,3.4,0
0.00023534,5569,0,1,3.41,5,3.41,0
0.00024449,5569,0,1,3.42,5,3.42,0
0.00025364,5569,0,1,3.43,5,3.43,0
0.00026358,5697,0,1,3.44,5,3.44,0
0.00027591,5697,0,1,3.45,5,3.45,0
0.00028823,5697,0,1,3.46,5,3.46,0
0.00030056,5697,0,1,3.47,5,3.47,0
0.00031288,5697,0,1,3.48,5,3.48,0
0.00032521,5697,0,1,3.49,5,3.49,0
0.00033753,5697,0,1,3.5,5,3.5,0
0.00034986,5697,0,1,3.51,5,3.51,0
0.00036401,5825,0,1,3.52,5,3.52,0
0.00038051,5825,0,1,3.53,5,3.53,0
0.00039701,5825,0,1,3.54,5,3.54,0
0.00041351,5825,0,1,3.55,5,3.55,0
0.00043,5825,0,1,3.56,5,3.56,0
0.0004465,5825,0,1,3.57,5,3.57,0
0.000463,5825,0,1,3.58,5,3.58,0
0.0004795,5825,0,1,3.59,5,3.59,0
0.0004994,5953,0,1,3.6,5,3.6,0
0.00052134,5953,0,1,3.61,5,3.61,0
0.00054328,5953,0,1,3.62,5,3.62,0
0.00056522,5953,0,1,3.63,5,3.63,0
0.00058716,5953,0,1,3.64,5,3.64,0
0.0006091,5953,0,1,3.65,5,3.65,0
0.00063104,5953,0,1,3.66,5,3.66,0
0.00065298,5953,0,1,3.67,5,3.67,0
0.00068065,6081,0,1,3.68,5,3.68,0
0.00070964,6081,0,1,3.69,5,3.69,0
0.00073863,6081,0,1,3.7,5,3.7,0
0.00076762,6081,0,1,3.71,5,3.71,0
0.00079661,6081,0,1,3.72,5,3.72,0
0.00082559,6081,0,1,3.73,5,3.73,0
0.00085458,6081,0,1,3.74,5,3.74,0
0.00088357,6081,0,1,3.75,5,3.75,0
0.00092162,6209,0,1,3.76,5,3.76,0
0.00095967,6209,0,1,3.77,5,3.77,0
0.00099772,6209,0,1,3.78,5,3.78,0
0.0010358,6209,0,1,3.79,5,3.79,0
0.0010738,6209,0,1,3.8,5,3.8,0
0.0011119,6209,0,1,3.81,5,3.81,0
0.0011499,6209,0,1,3.82,5,3.82,0
0.0011901,6337,0,1,3.83,5,3.83,0
0.0012398,6337,0,1,3.84,5,3.84,0
0.0012894,6337,0,1,3.85,5,3.85,0
0.001339,6337,0,1,3.86,5,3.86,0
0.0013886,6337,0,1,3.87,5,3.87,0
0.0014382,6337,0,1,3.88,5,3.88,0
0.0014879,6337,0,1,3.89,5,3.89,0
0.0015375,6337,0,1,3.9,5,3.9,0
0.0015926,6465,0,1,3.91,5,3.91,0
0.0016569,6465,0,1,3.92,5,3.92,0
0.0017212,6465,0,1,3.93,5,3.93,0
0.0017854,6465,0,1,3.94,5,3.94,0
0.0018497,6465,0,1,3.95,5,3.95,0
0.001914,6465,0,1,3.96,5,3.96,0
0.0019783,6465,0,1,3.97,5,3.97,0
0.0020426,6465,0,1,3.98,5,3.98,0
0.0021172,6593,0,1,3.99,5,3.99,0
0.0022,6593,0,1,4,5,4,0
0.0022827,6593,0,1,4.01,5,4.01,0
0.0023654,6593,0,1,4.02,5,4.02,0
0.0024481,6593,0,1,4.03,5,4.03,0
0.0025309,6593,0,1,4.04,5,4.04,0
0.0026136,6593,0,1,4.05,5,4.05,0
0.0026963,6593,0,1,4.06,5,4.06,0
0.0027963,6721,0,1,4.07,5,4.07,0
0.0029021,6721,0,1,4.08,5,4.08,0
0.0030079,6721,0,1,4.09,5,4.09,0
0.0031136,6721,0,1,4.1,5,4.1,0
0.0032194,6721,0,1,4.11,5,4.11,0
0.0033252,6721,0,1,4.12,5,4.12,0
0.003431,6721,0,1,4.13,5,4.13,0
0.0035367,6721,0,1,4.14,5,4.14,0
0.0036693,6849,0,1,4.15,5,4.15,0
0.0038036,6849,0,1,4.16,5,4.16,0
0.0039379,6849,0,1,4.17,5,4.17,0
0.0040723,6849,0,1,4.18,5,4.18,0
0.0042066,6849,0,1,4.19,5,4.19,0
0.0043409,6849,0,1,4.2,5,4.2,0
0.0044752,6849,0,1,4.21,5,4.21,0
0.004614,6977,0,1,4.22,5,4.22,0
0.0047834,6977,0,1,4.23,5,4.23,0
0.0049529,6977,0,1,4.24,5,4.24,0
0.0051224,6977,0,1,4.25,5,4.25,0
0.0052919,6977,0,1,4.26,5,4.26,0
0.0054613,6977,0,1,4.27,5,4.27,0
0.0056308,6977,0,1,4.28,5,4.28,0
0.0058003,6977,0,1,4.29,5,4.29,0
0.0059832,7105,0,1,4.3,5,4.3,0
0.0061956,7105,0,1,4.31,5,4.31,0
0.0064079,7105,0,1,4.32,5,4.32,0
0.0066203,7105,0,1,4.33,5,4.33,0
0.0068327,7105,0,1,4.34,5,4.34,0
0.0070451,7105,0,1,4.35,5,4.35,0
0.0072575,7105,0,1,4.36,5,4.36,0
0.0074699,7105,0,1,4.37,5,4.37,0
0.0077083,7233,0,1,4.38,5,4.38,0
0.0079726,7233,0,1,4.39,5,4.39,0
0.008237,7233,0,1,4.4,5,4.4,0
0.0085014,7233,0,1,4.41,5,4.41,0
0.0087658,7233,0,1,4.42,5,4.42,0
0.0090302,7233,0,1,4.43,5,4.43,0
0.0092946,7233,0,1,4.44,5,4.44,0
0.009559,7233,0,1,4.45,5,4.45,0
0.0098663,7361,0,1,4.46,5,4.46,0
0.010193,7361,0,1,4.47,5,4.47,0
0.01052,7361,0,1,4.48,5,4.48,0
0.010847,7361,0,1,4.49,5,4.49,0
0.011174,7361,0,1,4.5,5,4.5,0
0.011501,7361,0,1,4.51,5,4.51,0
0.011828,7361,0,1,4.52,5,4.52,0
0.012155,7361,0,1,4.53,5,4.53,0
0.012547,7489,0,1,4.54,5,4.54,0
0.012948,7489,0,1,4.55,5,4.55,0
0.01335,7489,0,1,4.56,5,4.56,0
0.013751,7489,0,1,4.57,5,4.57,0
0.014153,7489,0,1,4.58,5,4.58,0
0.014554,7489,0,1,4.59,5,4.59,0
0.014956,7489,0,1,4.6,5,4.6,0
0.015363,7617,0,1,4.61,5,4.61,0
0.015852,7617,0,1,4.62,5,4.62,0
0.016342,7617,0,1,4.63,5,4.63,0
0.016832,7617,0,1,4.64,5,4.64,0
0.017322,7617,0,1,4.65,5,4.65,0
0.017811,7617,0,1,4.66,5,4.66,0
0.018301,7617,0,1,4.67,5,4.67,0
0.018791,7617,0,1,4.68,5,4.68,0
0.019306,7745,0,1,4.69,5,4.69,0
0.0199,7745,0,1,4.7,5,4.7,0
0.020493,7745,0,1,4.71,5,4.71,0
0.021086,7745,0,1,4.72,5,4.72,0
0.021679,7745,0,1,4.73,5,4.73,0
0.022273,7745,0,1,4.74,5,4.74,0
0.022866,7745,0,1,4.75,5,4.75,0
0.023459,7745,0,1,4.76,5,4.76,0
0.024105,7873,0,1,4.77,5,4.77,0
0.024819,7873,0,1,4.78,5,4.78,0
0.025533,7873,0,1,4.79,5,4.79,0
0.026247,7873,0,1,4.8,5,4.8,0
0.02696,7873,0,1,4.81,5,4.81,0
0.027674,7873,0,1,4.82,5,4.82,0
0.028388,7873,0,1,4.83,5,4.83,0
0.029102,7873,0,1,4.84,5,4.84,0
0.029903,8001,0,1,4.85,5,4.85,0
0.030755,8001,0,1,4.86,5,4.86,0
0.031608,8001,0,1,4.87,5,4.87,0
0.032461,8001,0,1,4.88,5,4.88,0
0.033314,8001,0,1,4.89,5,4.89,0
0.034167,8001,0,1,4.9,5,4.9,0
0.03502,8001,0,1,4.91,5,4.91,0
0.035873,8001,0,1,4.92,5,4.92,0
0.036855,8129,0,1,4.93,5,4.93,0
0.037867,8129,0,1,4.94,5,4.94,0
0.038879,8129,0,1,4.95,5,4.95,0
0.03989,8128,0,1,4.96,5,4.96,0
0.040902,8128,0,1,4.97,5,4.97,0
0.041914,8128,0,1,4.98,5,4.98,0
0.042926,8128,0,1,4.99,5,4.99,0
0.043938,8128,0,1,5,5,5,0
0.04513,8256,0,1,5.01,5,5.01,0
0.046323,8256,0,1,5.02,5,5.02,0
0.047515,8256,0,1,5.03,5,5.03,0
0.048707,8256,0,1,5.04,5,5.04,0
0.049899,8256,0,1,5.05,5,5.05,0
0.051091,8256,0,1,5.06,5,5.06,0
0.052284,8256,0,1,5.07,5,5.07,0
0.053514,8384,0,1,5.08,5,5.08,0
0.054908,8384,0,1,5.09,5,5.09,0
0.056303,8384,0,1,5.1,5,5.1,0
0.057698,8384,0,1,5.11,5,5.11,0
0.059092,8384,0,1,5.12,5,5.12,0
0.060487,8384,0,1,5.13,5,5.13,0
0.061882,8384,0,1,5.14,5,5.14,0
0.063276,8384,0,1,5.15,5,5.15,0
0.064755,8512,0,1,5.16,5,5.16,0
0.066375,8512,0,1,5.17,5,5.17,0
0.067995,8512,0,1,5.18,5,5.18,0
0.069615,8512,0,1,5.19,5,5.19,0
0.071235,8512,0,1,5.2,5,5.2,0
0.072855,8512,0,1,5.21,5,5.21,0
0.074475,8512,0,1,5.22,5,5.22,0
0.076094,8512,0,1,5.23,5,5.23,0
0.077854,8640,0,1,5.24,5,5.24,0
0.079722,8640,0,1,5.25,5,5.25,0
0.081589,8640,0,1,5.26,5,5.26,0
0.083457,8640,0,1,5.27,5,5.27,0
0.085325,8640,0,1,5.28,5,5.28,0
0.087193,8640,0,1,5.29,5,5.29,0
0.089061,8640,0,1,5.3,5,5.3,0
0.090928,8640,0,1,5.31,5,5.31,0
0.092999,8768,0,1,5.32,5,5.32,0
0.095137,8768,0,1,5.33,5,5.33,0
0.097275,8768,0,1,5.34,5,5.34,0
0.099413,8768,0,1,5.35,5,5.35,0
0.10155,8768,0,1,5.36,5,5.36,0
0.10369,8768,0,1,5.37,5,5.37,0
0.10583,8768,0,1,5.38,5,5.38,0
0.10796,8768,0,1,5.39,5,5.39,0
0.11038,8896,0,1,5.4,5,5.4,0
0.1128,8896,0,1,5.41,5,5.41,0
0.11523,8896,0,1,5.42,5,5.42,0
0.11766,8896,0,1,5.43,5,5.43,0
0.12009,8896,0,1,5.44,5,5.44,0
0.12252,8896,0,1,5.45,5,5.45,0
0.12495,8896,0,1,5.46,5,5.46,0
0.12742,9024,0,1,5.47,5,5.47,0
0.13016,9024,0,1,5.48,5,5.48,0
0.1329,9024,0,1,5.49,5,5.49,0
0.13564,9024,0,1,5.5,5,5.5,0
0.13837,9024,0,1,5.51,5,5.51,0
0.14111,9024,0,1,5.52,5,5.52,0
0.14385,9024,0,1,5.53,5,5.53,0
0.14659,9024,0,1,5.54,5,5.54,0
0.14943,9152,0,1,5.55,5,5.55,0
0.1525,9152,0,1,5.56,5,5.56,0
0.15556,9152,0,1,5.57,5,5.57,0
0.15863,9152,0,1,5.58,5,5.58,0
0.16169,9152,0,1,5.59,5,5.59,0
0.16476,9152,0,1,5.6,5,5.6,0
0.16782,9152,0,1,5.61,5,5.61,0
0.17089,9152,0,1,5.62,5,5.62,0
0.17412,9280,0,1,5.63,5,5.63,0
0.17753,9280,0,1,5.64,5,5.64,0
0.18093,9280,0,1,5.65,5,5.65,0
0.18434,9280,0,1,5.66,5,5.66,0
0.18774,9280,0,1,5.67,5,5.67,0
0.19114,9280,0,1,5.68,5,5.68,0
0.19455,9280,0,1,5.69,5,5.69,0
0.19795,9280,0,1,5.7,5,5.7,0
0.20159,9408,0,1,5.71,5,5.71,0
0.20534,9408,0,1,5.72,5,5.72,0
0.20909,9408,0,1,5.73,5,5.73,0
0.21284,9408,0,1,5.74,5,5.74,0
0.21659,9408,0,1,5.75,5,5.75,0
0.22034,9408,0,1,5.76,5,5.76,0
0.22409,9408,0,1,5.77,5,5.77,0
0.22784,9408,0,1,5.78,5,5.78,0
0.23189,9536,0,1,5.79,5,5.79,0
0.23599,9536,0,1,5.8,5,5.8,0
0.24009,9536,0,1,5.81,5,5.81,0
0.24419,9536,0,1,5.82,5,5.82,0
0.24828,9536,0,1,5.83,5,5.83,0
0.25238,9536,0,1,5.84,5,5.84,0
0.25648,9536,0,1,5.85,5,5.85,0
0.2606,9664,0,1,5.86,5,5.86,0
0.26504,9664,0,1,5.87,5,5.87,0
0.26948,9664,0,1,5.88,5,5.88,0
0.27392,9664,0,1,5.89,5,5.89,0
0.27836,9664,0,1,5.9,5,5.9,0
0.2828,9664,0,1,5.91,5,5.91,0
0.28724,9664,0,1,5.92,5,5.92,0
0.29168,9665,0,1,5.93,5,5.93,0
0.29621,9793,0,1,5.94,5,5.94,0
0.30098,9793,0,1,5.95,5,5.95,0
0.30575,9793,0,1,5.96,5,5.96,0
0.31052,9793,0,1,5.97,5,5.97,0
0.3153,9793,0,1,5.98,5,5.98,0
0.32007,9793,0,1,5.99,5,5.99,0
0.32484,9793,0,1,6,5,6,0
0.32961,9793,0,1,6.01,5,6.01,0
0.33452,9921,0,1,6.02,5,6.02,0
0.33961,9921,0,1,6.03,5,6.03,0
0.34469,9921,0,1,6.04,5,6.04,0
0.34977,9921,0,1,6.05,5,6.05,0
0.35486,9921,0,1,6.06,5,6.06,0
0.35994,9921,0,1,6.07,5,6.07,0
0.36502,9921,0,1,6.08,5,6.08,0
0.37011,9921,0,1,6.09,5,6.09,0
0.37537,10049,0,1,6.1,5,6.1,0
0.38073,10049,0,1,6.11,5,6.11,0
0.3861,10049,0,1,6.12,5,6.12,0
0.39147,10049,0,1,6.13,5,6.13,0
0.39683,10049,0,1,6.14,5,6.14,0
0.4022,10049,0,1,6.15,5,6.15,0
0.40757,10049,0,1,6.16,5,6.16,0
0.41293,10049,0,1,6.17,5,6.17,0
0.4185,10177,0,1,6.18,5,6.18,0
0.42411,10177,0,1,6.19,5,6.19,0
0.42973,10177,0,1,6.2,5,6.2,0
0.43534,10177,0,1,6.21,5,6.21,0
0.44095,10177,0,1,6.22,5,6.22,0
0.44656,10177,0,1,6.23,5,6.23,0
0.45218,10177,0,1,6.24,5,6.24,0
0.45779,10176,0,1,6.25,5,6.25,0
0.4636,10304,0,1,6.26,5,6.26,0
0.46942,10304,0,1,6.27,5,6.27,0
0.47523,10304,0,1,6.28,5,6.28,0
0.48104,10304,0,1,6.29,5,6.29,0
0.48685,10304,0,1,6.3,5,6.3,0
0.49267,10304,0,1,6.31,5,6.31,0
0.49848,10304,0,1,6.32,5,6.32,0
0.50432,10432,0,1,6.33,5,6.33,0
0.51028,10432,0,1,6.34,5,6.34,0
0.51623,10432,0,1,6.35,5,6.35,0
0.52219,10432,0,1,6.36,5,6.36,0
0.52815,10432,0,1,6.37,5,6.37,0
0.53411,10432,0,1,6.38,5,6.38,0
0.54007,10432,0,1,6.39,5,6.39,0
0.54603,10432,0,1,6.4,5,6.4,0
0.55202,10560,0,1,6.41,5,6.41,0
0.55806,10560,0,1,6.42,5,6.42,0
0.5641,10560,0,1,6.43,5,6.43,0
0.57014,10560,0,1,6.44,5,6.44,0
0.57618,10560,0,1,6.45,5,6.45,0
0.58222,10560,0,1,6.46,5,6.46,0
0.58826,10560,0,1,6.47,5,6.47,0
0.59431,10560,0,1,6.48,5,6.48,0
0.60035,10688,0,1,6.49,5,6.49,0
0.60641,10688,0,1,6.5,5,6.5,0
0.61246,10688,0,1,6.51,5,6.51,0
0.61852,10688,0,1,6.52,5,6.52,0
0.62457,10688,0,1,6.53,5,6.53,0
0.63063,10688,0,1,6.54,5,6.54,0
0.63668,10688,0,1,6.55,5,6.55,0
0.64274,10688,0,1,6.56,5,6.56,0
0.64875,10816,0,1,6.57,5,6.57,0
0.65474,10816,0,1,6.58,5,6.58,0
0.66073,10816,0,1,6.59,5,6.59,0
0.66673,10816,0,1,6.6,5,6.6,0
0.67272,10816,0,1,6.61,5,6.61,0
0.67871,10816,0,1,6.62,5,6.62,0
0.68471,10816,0,1,6.63,5,6.63,0
0.6907,10816,0,1,6.64,5,6.64,0
0.69656,10944,0,1,6.65,5,6.65,0
0.70241,10944,0,1,6.66,5,6.66,0
0.70826,10944,0,1,6.67,5,6.67,0
0.71411,10944,0,1,6.68,5,6.68,0
0.71996,10944,0,1,6.69,5,6.69,0
0.72581,10944,0,1,6.7,5,6.7,0
0.73167,10945,0,1,6.71,5,6.71,0
0.73749,11073,0,1,6.72,5,6.72,0
0.74311,11073,0,1,6.73,5,6.73,0
0.74874,11073,0,1,6.74,5,6.74,0
0.75437,11073,0,1,6.75,5,6.75,0
0.75999,11073,0,1,6.76,5,6.76,0
0.76562,11073,0,1,6.77,5,6.77,0
0.77125,11073,0,1,6.78,5,6.78,0
0.77687,11072,0,1,6.79,5,6.79,0
0.7824,11200,0,1,6.8,5,6.8,0
0.78772,11200,0,1,6.81,5,6.81,0
0.79304,11200,0,1,6.82,5,6.82,0
0.79835,11200,0,1,6.83,5,6.83,0
0.80367,11200,0,1,6.84,5,6.84,0
0.80899,11200,0,1,6.85,5,6.85,0
0.8143,11200,0,1,6.86,5,6.86,0
0.81962,11201,0,1,6.87,5,6.87,0
0.82474,11329,0,1,6.88,5,6.88,0
0.82967,11329,0,1,6.89,5,6.89,0
0.83459,11329,0,1,6.9,5,6.9,0
0.83952,11329,0,1,6.91,5,6.91,0
0.84444,11329,0,1,6.92,5,6.92,0
0.84937,11329,0,1,6.93,5,6.93,0
0.8543,11329,0,1,6.94,5,6.94,0
0.85922,11329,0,1,6.95,5,6.95,0
0.86382,11457,0,1,6.96,5,6.96,0
0.86828,11457,0,1,6.97,5,6.97,0
0.87273,11457,0,1,6.98,5,6.98,0
0.87718,11457,0,1,6.99,5,6.99,0
0.88164,11457,0,1,7,5,7,0
0.88609,11457,0,1,7.01,5,7.01,0
0.89055,11457,0,1,7.02,5,7.02,0
0.895,11457,0,1,7.03,5,7.03,0
0.89898,11585,0,1,7.04,5,7.04,0
0.90289,11585,0,1,7.05,5,7.05,0
0.90679,11585,0,1,7.06,5,7.06,0
0.9107,11585,0,1,7.07,5,7.07,0
0.91461,11585,0,1,7.08,5,7.08,0
0.91852,11585,0,1,7.09,5,7.09,0
0.92243,11585,0,1,7.1,5,7.1,0
0.9263,11713,0,1,7.11,5,7.11,0
0.92959,11713,0,1,7.12,5,7.12,0
0.93289,11713,0,1,7.13,5,7.13,0
0.93619,11713,0,1,7.14,5,7.14,0
0.93948,11713,0,1,7.15,5,7.15,0
0.94278,11713,0,1,7.16,5,7.16,0
0.94607,11713,0,1,7.17,5,7.17,0
0.94937,11713,0,1,7.18,5,7.18,0
0.9525,11841,0,1,7.19,5,7.19,0
0.95512,11841,0,1,7.2,5,7.2,0
0.95775,11841,0,1,7.21,5,7.21,0
0.96038,11841,0,1,7.22,5,7.22,0
0.963,11841,0,1,7.23,5,7.23,0
0.96563,11841,0,1,7.24,5,7.24,0
0.96825,11841,0,1,7.25,5,7.25,0
0.97088,11841,0,1,7.26,5,7.26,0
0.97319,11969,0,1,7.27,5,7.27,0
0.9751,11969,0,1,7.28,5,7.28,0
0.97701,11969,0,1,7.29,5,7.29,0
0.97892,11969,0,1,7.3,5,7.3,0
0.98082,11969,0,1,7.31,5,7.31,0
0.98273,11969,0,1,7.32,5,7.32,0
0.98464,11969,0,1,7.33,5,7.33,0
0.98655,11968,0,1,7.34,5,7.34,0
0.98799,12096,0,1,7.35,5,7.35,0
0.98915,12096,0,1,7.36,5,7.36,0
0.99031,12096,0,1,7.37,5,7.37,0
0.99146,12096,0,1,7.38,5,7.38,0
0.99262,12096,0,1,7.39,5,7.39,0
0.99378,12096,0,1,7.4,5,7.4,0
0.99494,12096,0,1,7.41,5,7.41,0
0.99609,12096,0,1,7.42,5,7.42,0
0.99662,12224,0,1,7.43,5,7.43,0
0.99701,12224,0,1,7.44,5,7.44,0
0.99739,12224,0,1,7.45,5,7.45,0
0.99778,12224,0,1,7.46,5,7.46,0
0.99817,12224,0,1,7.47,5,7.47,0
0.99855,12224,0,1,7.48,5,7.48,0
0.99894,12224,0,1,7.49,5,7.49,0
0.99932,12225,0,1,7.5,5,7.5,0
0.99893,12353,0,1,7.51,5,7.51,0
0.99853,12353,0,1,7.52,5,7.52,0
0.99814,12353,0,1,7.53,5,7.53,0
0.99775,12353,0,1,7.54,5,7.54,0
0.99735,12353,0,1,7.55,5,7.55,0
0.99696,12353,0,1,7.56,5,7.56,0
0.99657,12353,0,1,7.57,5,7.57,0
0.99603,12481,0,1,7.58,5,7.58,0
0.99486,12481,0,1,7.59,5,7.59,0
0.9937,12481,0,1,7.6,5,7.6,0
0.99253,12481,0,1,7.61,5,7.61,0
0.99137,12481,0,1,7.62,5,7.62,0
0.9902,12481,0,1,7.63,5,7.63,0
0.98903,12481,0,1,7.64,5,7.64,0
0.98787,12481,0,1,7.65,5,7.65,0
0.98642,12609,0,1,7.66,5,7.66,0
0.98451,12609,0,1,7.67,5,7.67,0
0.98259,12609,0,1,7.68,5,7.68,0
0.98067,12609,0,1,7.69,5,7.69,0
0.97876,12609,0,1,7.7,5,7.7,0
0.97684,12609,0,1,7.71,5,7.71,0
0.97492,12609,0,1,7.72,5,7.72,0
0.97301,12609,0,1,7.73,5,7.73,0
0.97069,12737,0,1,7.74,5,7.74,0
0.96806,12737,0,1,7.75,5,7.75,0
0.96542,12737,0,1,7.76,5,7.76,0
0.96279,12737,0,1,7.77,5,7.77,0
0.96016,12737,0,1,7.78,5,7.78,0
0.95753,12737,0,1,7.79,5,7.79,0
0.95489,12737,0,1,7.8,5,7.8,0
0.95226,12737,0,1,7.81,5,7.81,0
0.94913,12865,0,1,7.82,5,7.82,0
0.94583,12865,0,1,7.83,5,7.83,0
0.94253,12865,0,1,7.84,5,7.84,0
0.93922,12865,0,1,7.85,5,7.85,0
0.93592,12865,0,1,7.86,5,7.86,0
0.93262,12865,0,1,7.87,5,7.87,0
0.92932,12865,0,1,7.88,5,7.88,0
0.92602,12865,0,1,7.89,5,7.89,0
0.92214,12993,0,1,7.9,5,7.9,0
0.91823,12993,0,1,7.91,5,7.91,0
0.91432,12993,0,1,7.92,5,7.92,0
0.9104,12993,0,1,7.93,5,7.93,0
0.90649,12993,0,1,7.94,5,7.94,0
0.90258,12993,0,1,7.95,5,7.95,0
0.89866,12993,0,1,7.96,5,7.96,0
0.89468,13121,0,1,7.97,5,7.97,0
0.89023,13121,0,1,7.98,5,7.98,0
0.88577,13121,0,1,7.99,5,7.99,0
0.88131,13121,0,1,8,5,8,0
0.87685,13121,0,1,8.01,5,8.01,0
0.8724,13121,0,1,8.02,5,8.02,0
0.86794,13121,0,1,8.03,5,8.03,0
0.86348,13121,0,1,8.04,5,8.04,0
0.85888,13249,0,1,8.05,5,8.05,0
0.85395,13249,0,1,8.06,5,8.06,0
0.84902,13249,0,1,8.07,5,8.07,0
0.8441,13249,0,1,8.08,5,8.08,0
0.83917,13249,0,1,8.09,5,8.09,0
0.83424,13249,0,1,8.1,5,8.1,0
0.82931,13249,0,1,8.11,5,8.11,0
0.82439,13249,0,1,8.12,5,8.12,0
0.81926,13377,0,1,8.13,5,8.13,0
0.81395,13377,0,1,8.14,5,8.14,0
0.80863,13377,0,1,8.15,5,8.15,0
0.80331,13377,0,1,8.16,5,8.16,0
0.79799,13377,0,1,8.17,5,8.17,0
0.79267,13377,0,1,8.18,5,8.18,0
0.78736,13377,0,1,8.19,5,8.19,0
0.78204,13377,0,1,8.2,5,8.2,0
0.77651,13505,0,1,8.21,5,8.21,0
0.77088,13505,0,1,8.22,5,8.22,0
0.76526,13505,0,1,8.23,5,8.23,0
0.75963,13505,0,1,8.24,5,8.24,0
0.75401,13505,0,1,8.25,5,8.25,0
0.74838,13505,0,1,8.26,5,8.26,0
0.74276,13505,0,1,8.27,5,8.27,0
0.73713,13505,0,1,8.28,5,8.28,0
0.73131,13633,0,1,8.29,5,8.29,0
0.72546,13633,0,1,8.3,5,8.3,0
0.71961,13633,0,1,8.31,5,8.31,0
0.71376,13633,0,1,8.32,5,8.32,0
0.70791,13633,0,1,8.33,5,8.33,0
0.70206,13633,0,1,8.34,5,8.34,0
0.69621,13633,0,1,8.35,5,8.35,0
0.69035,13761,0,1,8.36,5,8.36,0
0.68436,13761,0,1,8.37,5,8.37,0
0.67837,13761,0,1,8.38,5,8.38,0
0.67238,13761,0,1,8.39,5,8.39,0
0.66639,13761,0,1,8.4,5,8.4,0
0.6604,13761,0,1,8.41,5,8.41,0
0.65441,13761,0,1,8.42,5,8.42,0
0.64842,13761,0,1,8.43,5,8.43,0
0.64241,13889,0,1,8.44,5,8.44,0
0.63636,13889,0,1,8.45,5,8.45,0
0.63031,13889,0,1,8.46,5,8.46,0
0.62426,13889,0,1,8.47,5,8.47,0
0.61821,13889,0,1,8.48,5,8.48,0
0.61216,13889,0,1,8.49,5,8.49,0
0.6061,13889,0,1,8.5,5,8.5,0
0.60005,13889,0,1,8.51,5,8.51,0
0.59401,14017,0,1,8.52,5,8.52,0
0.58797,14017,0,1,8.53,5,8.53,0
0.58193,14017,0,1,8.54,5,8.54,0
0.57589,14017,0,1,8.55,5,8.55,0
0.56986,14017,0,1,8.56,5,8.56,0
0.56382,14017,0,1,8.57,5,8.57,0
0.55778,14017,0,1,8.58,5,8.58,0
0.55174,14017,0,1,8.59,5,8.59,0
0.54576,14145,0,1,8.6,5,8.6,0
0.53981,14145,0,1,8.61,5,8.61,0
0.53385,14145,0,1,8.62,5,8.62,0
0.5279,14145,0,1,8.63,5,8.63,0
0.52194,14145,0,1,8.64,5,8.64,0
0.51599,14145,0,1,8.65,5,8.65,0
0.51004,14145,0,1,8.66,5,8.66,0
0.50408,14145,0,1,8.67,5,8.67,0
0.49825,14273,0,1,8.68,5,8.68,0
0.49244,14273,0,1,8.69,5,8.69,0
0.48663,14273,0,1,8.7,5,8.7,0
0.48082,14273,0,1,8.71,5,8.71,0
0.47501,14273,0,1,8.72,5,8.72,0
0.46921,14273,0,1,8.73,5,8.73,0
0.4634,14273,0,1,8.74,5,8.74,0
0.45759,14273,0,1,8.75,5,8.75,0
0.45198,14401,0,1,8.76,5,8.76,0
0.44637,14401,0,1,8.77,5,8.77,0
0.44076,14401,0,1,8.78,5,8.78,0
0.43515,14401,0,1,8.79,5,8.79,0
0.42955,14401,0,1,8.8,5,8.8,0
0.42394,14401,0,1,8.81,5,8.81,0
0.41833,14401,0,1,8.82,5,8.82,0
0.41277,14529,0,1,8.83,5,8.83,0
0.4074,14529,0,1,8.84,5,8.84,0
0.40204,14529,0,1,8.85,5,8.85,0
0.39668,14529,0,1,8.86,5,8.86,0
0.39131,14529,0,1,8.87,5,8.87,0
0.38595,14529,0,1,8.88,5,8.88,0
0.38059,14529,0,1,8.89,5,8.89,0
0.37523,14529,0,1,8.9,5,8.9,0
0.36997,14657,0,1,8.91,5,8.91,0
0.36489,14657,0,1,8.92,5,8.92,0
0.35981,14657,0,1,8.93,5,8.93,0
0.35473,14657,0,1,8.94,5,8.94,0
0.34965,14657,0,1,8.95,5,8.95,0
0.34457,14657,0,1,8.96,5,8.96,0
0.33949,14657,0,1,8.97,5,8.97,0
0.33441,14657,0,1,8.98,5,8.98,0
0.32951,14785,0,1,8.99,5,8.99,0
0.32474,14785,0,1,9,5,9,0
0.31998,14785,0,1,9.01,5,9.01,0
0.31522,14785,0,1,9.02,5,9.02,0
0.31045,14785,0,1,9.03,5,9.03,0
0.30569,14785,0,1,9.04,5,9.04,0
0.30092,14785,0,1,9.05,5,9.05,0
0.29616,14785,0,1,9.06,5,9.06,0
0.29164,14913,0,1,9.07,5,9.07,0
0.2872,14913,0,1,9.08,5,9.08,0
0.28277,14913,0,1,9.09,5,9.09,0
0.27833,14913,0,1,9.1,5,9.1,0
0.27389,14913,0,1,9.11,5,9.11,0
0.26946,14913,0,1,9.12,5,9.12,0
0.26502,14913,0,1,9.13,5,9.13,0
0.26058,14913,0,1,9.14,5,9.14,0
0.25647,15041,0,1,9.15,5,9.15,0
0.25237,15041,0,1,9.16,5,9.16,0
0.24827,15041,0,1,9.17,5,9.17,0
0.24418,15041,0,1,9.18,5,9.18,0
0.24008,15041,0,1,9.19,5,9.19,0
0.23599,15041,0,1,9.2,5,9.2,0
0.23189,15041,0,1,9.21,5,9.21,0
0.22784,15169,0,1,9.22,5,9.22,0
0.22407,15169,0,1,9.23,5,9.23,0
0.22029,15169,0,1,9.24,5,9.24,0
0.21652,15169,0,1,9.25,5,9.25,0
0.21275,15169,0,1,9.26,5,9.26,0
0.20898,15169,0,1,9.27,5,9.27,0
0.20521,15169,0,1,9.28,5,9.28,0
0.20144,15169,0,1,9.29,5,9.29,0
0.19778,15297,0,1,9.3,5,9.3,0
0.19436,15297,0,1,9.31,5,9.31,0
0.19094,15297,0,1,9.32,5,9.32,0
0.18752,15297,0,1,9.33,5,9.33,0
0.1841,15297,0,1,9.34,5,9.34,0
0.18068,15297,0,1,9.35,5,9.35,0
0.17726,15297,0,1,9.36,5,9.36,0
0.17385,15297,0,1,9.37,5,9.37,0
0.17061,15425,0,1,9.38,5,9.38,0
0.16757,15425,0,1,9.39,5,9.39,0
0.16453,15425,0,1,9.4,5,9.4,0
0.16149,15425,0,1,9.41,5,9.41,0
0.15845,15425,0,1,9.42,5,9.42,0
0.15541,15425,0,1,9.43,5,9.43,0
0.15236,15425,0,1,9.44,5,9.44,0
0.14932,15425,0,1,9.45,5,9.45,0
0.14652,15553,0,1,9.46,5,9.46,0
0.14383,15553,0,1,9.47,5,9.47,0
0.14114,15553,0,1,9.48,5,9.48,0
0.13845,15553,0,1,9.49,5,9.49,0
0.13576,15553,0,1,9.5,5,9.5,0
0.13307,15553,0,1,9.51,5,9.51,0
0.13038,15553,0,1,9.52,5,9.52,0
0.12769,15553,0,1,9.53,5,9.53,0
0.12548,15681,0,1,9.54,5,9.54,0
0.12334,15681,0,1,9.55,5,9.55,0
0.1212,15681,0,1,9.56,5,9.56,0
0.11907,15681,0,1,9.57,5,9.57,0
0.11693,15681,0,1,9.58,5,9.58,0
0.11479,15681,0,1,9.59,5,9.59,0
0.11265,15681,0,1,9.6,5,9.6,0
0.1105,15809,0,1,9.61,5,9.61,0
0.10812,15809,0,1,9.62,5,9.62,0
0.10575,15809,0,1,9.63,5,9.63,0
0.10337,15809,0,1,9.64,5,9.64,0
0.101,15809,0,1,9.65,5,9.65,0
0.098621,15809,0,1,9.66,5,9.66,0
0.096246,15809,0,1,9.67,5,9.67,0
0.09387,15809,0,1,9.68,5,9.68,0
0.091745,15936,0,1,9.69,5,9.69,0
0.090367,15936,0,1,9.7,5,9.7,0
0.088989,15936,0,1,9.71,5,9.71,0
0.087611,15936,0,1,9.72,5,9.72,0
0.086234,15936,0,1,9.73,5,9.73,0
0.084856,15936,0,1,9.74,5,9.74,0
0.083478,15936,0,1,9.75,5,9.75,0
0.0821,15936,0,1,9.76,5,9.76,0
0.079667,16064,0,1,9.77,5,9.77,0
0.075875,16064,0,1,9.78,5,9.78,0
0.072084,16064,0,1,9.79,5,9.79,0
0.068292,16064,0,1,9.8,5,9.8,0
0.064501,16064,0,1,9.81,5,9.81,0
0.06071,16064,0,1,9.82,5,9.82,0
0.056918,16064,0,1,9.83,5,9.83,0
0.053127,16064,0,1,9.84,5,9.84,0
0.051677,16192,0,1,9.85,5,9.85,0
0.051633,16192,0,1,9.86,5,9.86,0
0.051589,16192,0,1,9.87,5,9.87,0
0.051545,16192,0,1,9.88,5,9.88,0
0.0515,16192,0,1,9.89,5,9.89,0
0.051456,16192,0,1,9.9,5,9.9,0
0.051412,16192,0,1,9.91,5,9.91,0
0.051368,16192,0,1,9.92,5,9.92,0
0.046018,16321,0,1,9.93,5,9.93,0
0.039444,16321,0,1,9.94,5,9.94,0
0.03287,16321,0,1,9.95,5,9.95,0
0.026296,16321,0,1,9.96,5,9.96,0
0.019722,16320,0,1,9.97,5,9.97,0
0.013148,16320,0,1,9.98,5,9.98,0
0.0065742,16320,0,1,9.99,5,9.99,0
9.7382e-16,16320,0,1,10,5,10,0
