ID,Taxa de Aprendizado,Número de Camadas Ocultas,Número de Neurônios por Camada,Ativação,Solução Predita,Loss
0,0.001,5,60,tanh,"[[-0.00896674]
 [-0.0086022 ]
 [-0.0083431 ]
 [-0.00819   ]
 [-0.00814238]
 [-0.00820058]
 [-0.00836411]
 [-0.00863236]
 [-0.00900444]
 [-0.00947904]
 [-0.01005494]
 [-0.01073032]
 [-0.01150304]
 [-0.01237055]
 [-0.01333034]
 [-0.01437881]
 [-0.01551258]
 [-0.01672749]
 [-0.01801911]
 [-0.01938235]
 [-0.02081164]
 [-0.02230075]
 [-0.02384287]
 [-0.02543057]
 [-0.02705538]
 [-0.02870801]
 [-0.03037864]
 [-0.03205621]
 [-0.03372813]
 [-0.03538063]
 [-0.03699937]
 [-0.03856764]
 [-0.04006764]
 [-0.04147905]
 [-0.04278025]
 [-0.04394775]
 [-0.04495531]
 [-0.04577478]
 [-0.04637552]
 [-0.04672408]
 [-0.04678578]
 [-0.04652229]
 [-0.04589319]
 [-0.04485577]
 [-0.04336616]
 [-0.04137787]
 [-0.03884351]
 [-0.03571477]
 [-0.03194335]
 [-0.02748175]
 [-0.0222831 ]
 [-0.0163038 ]
 [-0.0095026 ]
 [-0.0018433 ]
 [ 0.00670477]
 [ 0.01616632]
 [ 0.026558  ]
 [ 0.0378877 ]
 [ 0.05015457]
 [ 0.06334561]
 [ 0.07743943]
 [ 0.09240228]
 [ 0.10818818]
 [ 0.12474293]
 [ 0.14199857]
 [ 0.15988109]
 [ 0.17830361]
 [ 0.19717519]
 [ 0.21639594]
 [ 0.23586233]
 [ 0.25546777]
 [ 0.27510303]
 [ 0.29465824]
 [ 0.31402588]
 [ 0.33309904]
 [ 0.35177481]
 [ 0.36995429]
 [ 0.38754284]
 [ 0.40445125]
 [ 0.42059541]
 [ 0.43589795]
 [ 0.4502857 ]
 [ 0.46369135]
 [ 0.47605246]
 [ 0.48731235]
 [ 0.49741799]
 [ 0.50632155]
 [ 0.51397938]
 [ 0.52035069]
 [ 0.5254004 ]
 [ 0.52909571]
 [ 0.53140932]
 [ 0.5323177 ]
 [ 0.53180224]
 [ 0.52984929]
 [ 0.52645153]
 [ 0.52160805]
 [ 0.51532686]
 [ 0.5076232 ]
 [ 0.49852172]
 [ 0.48805904]
 [ 0.47628254]
 [ 0.46325141]
 [ 0.4490394 ]
 [ 0.43373066]
 [ 0.41742468]
 [ 0.40023229]
 [ 0.38227537]
 [ 0.36368734]
 [ 0.34460688]
 [ 0.32517987]
 [ 0.30555475]
 [ 0.28587946]
 [ 0.26629862]
 [ 0.24695158]
 [ 0.22796857]
 [ 0.20946947]
 [ 0.19156042]
 [ 0.17433459]
 [ 0.15786973]
 [ 0.14222714]
 [ 0.12745464]
 [ 0.11358351]
 [ 0.10063267]
 [ 0.08860645]
 [ 0.07749897]
 [ 0.06729352]
 [ 0.05796457]]",0.010614296
1,0.005,6,40,ReLU,"[[0.03829777]
 [0.03835155]
 [0.03837201]
 [0.03839249]
 [0.03841291]
 [0.03843333]
 [0.03845376]
 [0.0384742 ]
 [0.03849464]
 [0.03851509]
 [0.03852668]
 [0.03851119]
 [0.03849573]
 [0.03848018]
 [0.03846471]
 [0.0384492 ]
 [0.03843374]
 [0.03841819]
 [0.0384027 ]
 [0.03838722]
 [0.03837173]
 [0.03835662]
 [0.03834167]
 [0.03832664]
 [0.03831165]
 [0.03829663]
 [0.03828167]
 [0.0382666 ]
 [0.03825156]
 [0.03823666]
 [0.0382216 ]
 [0.0382066 ]
 [0.03819163]
 [0.03817664]
 [0.03816163]
 [0.03814666]
 [0.03813159]
 [0.0381166 ]
 [0.03810205]
 [0.03818508]
 [0.03826818]
 [0.03835125]
 [0.03842062]
 [0.03846801]
 [0.03851535]
 [0.03856266]
 [0.0386101 ]
 [0.03865748]
 [0.03870481]
 [0.03875216]
 [0.03879952]
 [0.03884691]
 [0.03889429]
 [0.0389416 ]
 [0.038989  ]
 [0.03903643]
 [0.03908375]
 [0.03913113]
 [0.03917849]
 [0.03922584]
 [0.03927324]
 [0.03932057]
 [0.03936798]
 [0.03940147]
 [0.0394333 ]
 [0.0394651 ]
 [0.03949687]
 [0.03952873]
 [0.03956055]
 [0.03961141]
 [0.03966243]
 [0.03970956]
 [0.03972088]
 [0.03971438]
 [0.03970786]
 [0.03970136]
 [0.03969484]
 [0.03968835]
 [0.03968189]
 [0.03967535]
 [0.03966885]
 [0.03966232]
 [0.03965581]
 [0.03964933]
 [0.03964278]
 [0.03963626]
 [0.03964645]
 [0.03968766]
 [0.03972886]
 [0.03977017]
 [0.0398114 ]
 [0.03985265]
 [0.03989385]
 [0.03993512]
 [0.03997639]
 [0.04001759]
 [0.039904  ]
 [0.03971914]
 [0.0395343 ]
 [0.03934944]
 [0.03916452]
 [0.03897973]
 [0.0387948 ]
 [0.03861002]
 [0.03842514]
 [0.03824027]
 [0.03805542]
 [0.03787053]
 [0.03768568]
 [0.03750085]
 [0.03730532]
 [0.03701007]
 [0.03671497]
 [0.03641984]
 [0.03612465]
 [0.03582949]
 [0.03553437]
 [0.03526973]
 [0.03505204]
 [0.03483438]
 [0.0346167 ]
 [0.03439904]
 [0.03418135]
 [0.03396365]
 [0.03374602]
 [0.03352833]
 [0.03331065]
 [0.03309296]]",0.2527056
2,0.005,6,70,Swish,"[[-9.18082893e-04]
 [-8.92743468e-04]
 [-8.68640840e-04]
 [-8.45856965e-04]
 [-8.24473798e-04]
 [-8.04290175e-04]
 [-7.85112381e-04]
 [-7.66642392e-04]
 [-7.48537481e-04]
 [-7.30432570e-04]
 [-7.11970031e-04]
 [-6.92918897e-04]
 [-6.73048198e-04]
 [-6.52201474e-04]
 [-6.30356371e-04]
 [-6.07587397e-04]
 [-5.84043562e-04]
 [-5.59888780e-04]
 [-5.35480678e-04]
 [-5.11065125e-04]
 [-4.87007201e-04]
 [-4.63664532e-04]
 [-4.41320240e-04]
 [-4.20294702e-04]
 [-4.00789082e-04]
 [-3.82982194e-04]
 [-3.66963446e-04]
 [-3.52762640e-04]
 [-3.40379775e-04]
 [-3.29673290e-04]
 [-3.20479274e-04]
 [-3.12536955e-04]
 [-3.05555761e-04]
 [-2.99111009e-04]
 [-2.92733312e-04]
 [-2.85804272e-04]
 [-2.77638435e-04]
 [-2.67274678e-04]
 [-2.53520906e-04]
 [-2.34954059e-04]
 [-2.09636986e-04]
 [-1.75125897e-04]
 [-1.28246844e-04]
 [-6.48275018e-05]
 [ 2.03773379e-05]
 [ 1.34311616e-04]
 [ 2.85707414e-04]
 [ 4.85815108e-04]
 [ 7.48895109e-04]
 [ 1.09279156e-03]
 [ 1.53987855e-03]
 [ 2.11779028e-03]
 [ 2.86044925e-03]
 [ 3.80899012e-03]
 [ 5.01283258e-03]
 [ 6.53060526e-03]
 [ 8.43116641e-03]
 [ 1.07941553e-02]
 [ 1.37107372e-02]
 [ 1.72836930e-02]
 [ 2.16272771e-02]
 [ 2.68669128e-02]
 [ 3.31381336e-02]
 [ 4.05857190e-02]
 [ 4.93623838e-02]
 [ 5.96267991e-02]
 [ 7.15429187e-02]
 [ 8.52781609e-02]
 [ 1.01002082e-01]
 [ 1.18884683e-01]
 [ 1.39094010e-01]
 [ 1.61792636e-01]
 [ 1.87131435e-01]
 [ 2.15241283e-01]
 [ 2.46220589e-01]
 [ 2.80120045e-01]
 [ 3.16924304e-01]
 [ 3.56534541e-01]
 [ 3.98749948e-01]
 [ 4.43258166e-01]
 [ 4.89631593e-01]
 [ 5.37331104e-01]
 [ 5.85723519e-01]
 [ 6.34105861e-01]
 [ 6.81730807e-01]
 [ 7.27841556e-01]
 [ 7.71698177e-01]
 [ 8.12605083e-01]
 [ 8.49930346e-01]
 [ 8.83119762e-01]
 [ 9.11708057e-01]
 [ 9.35319364e-01]
 [ 9.53672171e-01]
 [ 9.66572165e-01]
 [ 9.73911762e-01]
 [ 9.75662768e-01]
 [ 9.71869707e-01]
 [ 9.62646425e-01]
 [ 9.48168576e-01]
 [ 9.28669631e-01]
 [ 9.04436231e-01]
 [ 8.75806630e-01]
 [ 8.43165457e-01]
 [ 8.06945145e-01]
 [ 7.67619252e-01]
 [ 7.25703537e-01]
 [ 6.81746781e-01]
 [ 6.36328518e-01]
 [ 5.90044022e-01]
 [ 5.43494344e-01]
 [ 4.97268498e-01]
 [ 4.51924980e-01]
 [ 4.07974601e-01]
 [ 3.65861028e-01]
 [ 3.25949669e-01]
 [ 2.88518131e-01]
 [ 2.53756523e-01]
 [ 2.21769273e-01]
 [ 1.92586571e-01]
 [ 1.66175723e-01]
 [ 1.42453790e-01]
 [ 1.21301256e-01]
 [ 1.02572463e-01]
 [ 8.61040428e-02]
 [ 7.17235580e-02]
 [ 5.92532121e-02]
 [ 4.85157259e-02]
 [ 3.93366665e-02]]",0.000125545
3,0.0005,7,60,tanh,"[[ 6.39288547e-03]
 [ 5.78885200e-03]
 [ 5.15376450e-03]
 [ 4.48830845e-03]
 [ 3.79328849e-03]
 [ 3.06971790e-03]
 [ 2.31846096e-03]
 [ 1.54056074e-03]
 [ 7.37298746e-04]
 [-9.02819447e-05]
 [-9.41138249e-04]
 [-1.81380985e-03]
 [-2.70650862e-03]
 [-3.61881731e-03]
 [-4.54826234e-03]
 [-5.49365161e-03]
 [-6.45307777e-03]
 [-7.42487190e-03]
 [-8.40673968e-03]
 [-9.39698145e-03]
 [-1.03931837e-02]
 [-1.13927536e-02]
 [-1.23936348e-02]
 [-1.33925490e-02]
 [-1.43869929e-02]
 [-1.53735988e-02]
 [-1.63489394e-02]
 [-1.73094086e-02]
 [-1.82511322e-02]
 [-1.91695802e-02]
 [-2.00604312e-02]
 [-2.09186487e-02]
 [-2.17385702e-02]
 [-2.25140564e-02]
 [-2.32389383e-02]
 [-2.39063017e-02]
 [-2.45082192e-02]
 [-2.50358991e-02]
 [-2.54802816e-02]
 [-2.58309059e-02]
 [-2.60769241e-02]
 [-2.62054615e-02]
 [-2.62025706e-02]
 [-2.60536186e-02]
 [-2.57414691e-02]
 [-2.52475552e-02]
 [-2.45513730e-02]
 [-2.36301236e-02]
 [-2.24585049e-02]
 [-2.10086219e-02]
 [-1.92498975e-02]
 [-1.71477310e-02]
 [-1.46646909e-02]
 [-1.17591731e-02]
 [-8.38575885e-03]
 [-4.49366448e-03]
 [-2.82931142e-05]
 [ 5.07055642e-03]
 [ 1.08682700e-02]
 [ 1.74355693e-02]
 [ 2.48492844e-02]
 [ 3.31905372e-02]
 [ 4.25476618e-02]
 [ 5.30122109e-02]
 [ 6.46819100e-02]
 [ 7.76565894e-02]
 [ 9.20401439e-02]
 [ 1.07936077e-01]
 [ 1.25447348e-01]
 [ 1.44674286e-01]
 [ 1.65710256e-01]
 [ 1.88637480e-01]
 [ 2.13525012e-01]
 [ 2.40421101e-01]
 [ 2.69349277e-01]
 [ 3.00298870e-01]
 [ 3.33221465e-01]
 [ 3.68021041e-01]
 [ 4.04545665e-01]
 [ 4.42581892e-01]
 [ 4.81849253e-01]
 [ 5.21993995e-01]
 [ 5.62590659e-01]
 [ 6.03143513e-01]
 [ 6.43092990e-01]
 [ 6.81830943e-01]
 [ 7.18715847e-01]
 [ 7.53095686e-01]
 [ 7.84333408e-01]
 [ 8.11833322e-01]
 [ 8.35066080e-01]
 [ 8.53593230e-01]
 [ 8.67085993e-01]
 [ 8.75333428e-01]
 [ 8.78250182e-01]
 [ 8.75873923e-01]
 [ 8.68355393e-01]
 [ 8.55946779e-01]
 [ 8.38986814e-01]
 [ 8.17883670e-01]
 [ 7.93094754e-01]
 [ 7.65114009e-01]
 [ 7.34452367e-01]
 [ 7.01627016e-01]
 [ 6.67143643e-01]
 [ 6.31490827e-01]
 [ 5.95125258e-01]
 [ 5.58467209e-01]
 [ 5.21893740e-01]
 [ 4.85736340e-01]
 [ 4.50277776e-01]
 [ 4.15754050e-01]
 [ 3.82356137e-01]
 [ 3.50234240e-01]
 [ 3.19499046e-01]
 [ 2.90230185e-01]
 [ 2.62478620e-01]
 [ 2.36270383e-01]
 [ 2.11613372e-01]
 [ 1.88497975e-01]
 [ 1.66901782e-01]
 [ 1.46792486e-01]
 [ 1.28128126e-01]
 [ 1.10860787e-01]
 [ 9.49375257e-02]
 [ 8.03012475e-02]
 [ 6.68917522e-02]
 [ 5.46477623e-02]]",0.0024654488
4,0.001,4,80,sin,"[[ 1.78459939e-03]
 [ 1.94640364e-03]
 [ 2.10815575e-03]
 [ 2.27232184e-03]
 [ 2.43934896e-03]
 [ 2.61083152e-03]
 [ 2.78715696e-03]
 [ 2.96858605e-03]
 [ 3.15432902e-03]
 [ 3.34411021e-03]
 [ 3.53660341e-03]
 [ 3.73057928e-03]
 [ 3.92433908e-03]
 [ 4.11592331e-03]
 [ 4.30320855e-03]
 [ 4.48375102e-03]
 [ 4.65530809e-03]
 [ 4.81512304e-03]
 [ 4.96034976e-03]
 [ 5.08866366e-03]
 [ 5.19687589e-03]
 [ 5.28236385e-03]
 [ 5.34262415e-03]
 [ 5.37503418e-03]
 [ 5.37691172e-03]
 [ 5.34673687e-03]
 [ 5.28228935e-03]
 [ 5.18188532e-03]
 [ 5.04473504e-03]
 [ 4.86958679e-03]
 [ 4.65635117e-03]
 [ 4.40610107e-03]
 [ 4.11931332e-03]
 [ 3.79764196e-03]
 [ 3.44417151e-03]
 [ 3.06218024e-03]
 [ 2.65627261e-03]
 [ 2.23205145e-03]
 [ 1.79635640e-03]
 [ 1.35756191e-03]
 [ 9.24996100e-04]
 [ 5.09715639e-04]
 [ 1.24401413e-04]
 [-2.16298737e-04]
 [-4.96120192e-04]
 [-6.96563162e-04]
 [-7.97175802e-04]
 [-7.74391927e-04]
 [-6.02887012e-04]
 [-2.53670849e-04]
 [ 3.04854475e-04]
 [ 1.10837724e-03]
 [ 2.19569262e-03]
 [ 3.61013319e-03]
 [ 5.40025439e-03]
 [ 7.61941727e-03]
 [ 1.03266975e-02]
 [ 1.35877421e-02]
 [ 1.74752325e-02]
 [ 2.20691413e-02]
 [ 2.74579227e-02]
 [ 3.37382704e-02]
 [ 4.10158560e-02]
 [ 4.94048521e-02]
 [ 5.90291545e-02]
 [ 7.00191557e-02]
 [ 8.25125128e-02]
 [ 9.66520235e-02]
 [ 1.12582497e-01]
 [ 1.30447343e-01]
 [ 1.50383979e-01]
 [ 1.72519982e-01]
 [ 1.96964428e-01]
 [ 2.23803490e-01]
 [ 2.53091067e-01]
 [ 2.84840584e-01]
 [ 3.19018513e-01]
 [ 3.55535090e-01]
 [ 3.94237518e-01]
 [ 4.34905678e-01]
 [ 4.77247834e-01]
 [ 5.20899296e-01]
 [ 5.65424800e-01]
 [ 6.10322893e-01]
 [ 6.55032754e-01]
 [ 6.98947072e-01]
 [ 7.41424322e-01]
 [ 7.81805038e-01]
 [ 8.19428444e-01]
 [ 8.53653073e-01]
 [ 8.83871675e-01]
 [ 9.09532547e-01]
 [ 9.30153668e-01]
 [ 9.45338666e-01]
 [ 9.54788089e-01]
 [ 9.58308995e-01]
 [ 9.55820620e-01]
 [ 9.47357893e-01]
 [ 9.33068514e-01]
 [ 9.13210273e-01]
 [ 8.88142288e-01]
 [ 8.58313918e-01]
 [ 8.24251294e-01]
 [ 7.86540508e-01]
 [ 7.45811760e-01]
 [ 7.02719271e-01]
 [ 6.57924831e-01]
 [ 6.12078667e-01]
 [ 5.65805078e-01]
 [ 5.19688606e-01]
 [ 4.74261582e-01]
 [ 4.29997563e-01]
 [ 3.87304842e-01]
 [ 3.46524268e-01]
 [ 3.07927638e-01]
 [ 2.71721929e-01]
 [ 2.38052458e-01]
 [ 2.07006395e-01]
 [ 1.78619981e-01]
 [ 1.52885810e-01]
 [ 1.29758433e-01]
 [ 1.09160833e-01]
 [ 9.09925401e-02]
 [ 7.51325786e-02]
 [ 6.14474788e-02]
 [ 4.97938320e-02]
 [ 4.00240198e-02]
 [ 3.19877788e-02]]",0.0009954424
5,0.0005,7,30,sigmoid,"[[0.03093136]
 [0.03109277]
 [0.03125895]
 [0.03142966]
 [0.03160513]
 [0.03178597]
 [0.03197224]
 [0.03216404]
 [0.03236199]
 [0.0325662 ]
 [0.03277678]
 [0.03299416]
 [0.03321845]
 [0.03344996]
 [0.03368903]
 [0.03393585]
 [0.03419066]
 [0.03445352]
 [0.0347249 ]
 [0.03500492]
 [0.03529353]
 [0.03559107]
 [0.03589798]
 [0.03621412]
 [0.03653938]
 [0.03687436]
 [0.03721882]
 [0.03757293]
 [0.03793681]
 [0.03831024]
 [0.0386935 ]
 [0.03908647]
 [0.03948886]
 [0.03990091]
 [0.04032207]
 [0.04075254]
 [0.04119182]
 [0.04163993]
 [0.04209621]
 [0.04256076]
 [0.04303283]
 [0.04351217]
 [0.04399837]
 [0.0444907 ]
 [0.04498888]
 [0.04549206]
 [0.04599971]
 [0.0465113 ]
 [0.04702587]
 [0.04754258]
 [0.04806102]
 [0.04858   ]
 [0.04909862]
 [0.04961634]
 [0.05013163]
 [0.05064417]
 [0.05115259]
 [0.05165602]
 [0.0521533 ]
 [0.05264343]
 [0.05312557]
 [0.05359847]
 [0.05406124]
 [0.05451269]
 [0.05495203]
 [0.05537809]
 [0.05578978]
 [0.05618656]
 [0.05656714]
 [0.05693085]
 [0.05727679]
 [0.05760402]
 [0.057912  ]
 [0.05820007]
 [0.05846734]
 [0.05871332]
 [0.0589375 ]
 [0.05913962]
 [0.05931897]
 [0.05947531]
 [0.05960829]
 [0.05971784]
 [0.05980361]
 [0.05986566]
 [0.05990381]
 [0.05991823]
 [0.05990881]
 [0.05987567]
 [0.05981917]
 [0.05973912]
 [0.05963618]
 [0.0595106 ]
 [0.05936248]
 [0.05919231]
 [0.05900026]
 [0.05878694]
 [0.05855299]
 [0.05829854]
 [0.05802412]
 [0.05773056]
 [0.057418  ]
 [0.05708713]
 [0.05673868]
 [0.05637283]
 [0.05599041]
 [0.05559201]
 [0.05517829]
 [0.05474956]
 [0.05430663]
 [0.05385018]
 [0.05338068]
 [0.05289859]
 [0.05240507]
 [0.05190016]
 [0.05138493]
 [0.05085982]
 [0.05032528]
 [0.0497821 ]
 [0.049231  ]
 [0.0486725 ]
 [0.04810727]
 [0.04753572]
 [0.04695881]
 [0.04637671]
 [0.04579044]
 [0.04520018]
 [0.04460675]
 [0.04401071]]",0.045561705
6,0.05,7,40,ReLU,"[[0.06006879]
 [0.06006879]
 [0.06006879]
 [0.06006879]
 [0.06006879]
 [0.06006879]
 [0.06006879]
 [0.06006879]
 [0.06006879]
 [0.06006879]
 [0.06006879]
 [0.06006879]
 [0.06006879]
 [0.06006879]
 [0.06006879]
 [0.06006879]
 [0.06006879]
 [0.06006879]
 [0.06006879]
 [0.06006879]
 [0.06006879]
 [0.06006879]
 [0.06006879]
 [0.06006879]
 [0.06006879]
 [0.06006879]
 [0.06006879]
 [0.06006879]
 [0.06006879]
 [0.06006879]
 [0.06006879]
 [0.06006879]
 [0.06006879]
 [0.06006879]
 [0.06006879]
 [0.06006879]
 [0.06006879]
 [0.06006879]
 [0.06006879]
 [0.06006879]
 [0.06006879]
 [0.06006879]
 [0.06006879]
 [0.06006879]
 [0.06006879]
 [0.06006879]
 [0.06006879]
 [0.06006879]
 [0.06006879]
 [0.06006879]
 [0.06006879]
 [0.06006879]
 [0.06006879]
 [0.06006879]
 [0.06006879]
 [0.06006879]
 [0.06006879]
 [0.06006879]
 [0.06006879]
 [0.06006879]
 [0.06006879]
 [0.06006879]
 [0.06006879]
 [0.06006879]
 [0.06006879]
 [0.06006879]
 [0.06006879]
 [0.06006879]
 [0.06006879]
 [0.06006879]
 [0.06006879]
 [0.06006879]
 [0.06006879]
 [0.06006879]
 [0.06006879]
 [0.06006879]
 [0.06006879]
 [0.06006879]
 [0.06006879]
 [0.06006879]
 [0.06006879]
 [0.06006879]
 [0.06006879]
 [0.06006879]
 [0.06006879]
 [0.06006879]
 [0.06006879]
 [0.06006879]
 [0.06006879]
 [0.06006879]
 [0.06006879]
 [0.06006879]
 [0.06006879]
 [0.06006879]
 [0.06006879]
 [0.06006879]
 [0.06006879]
 [0.06006879]
 [0.06006879]
 [0.06006879]
 [0.06006879]
 [0.06006879]
 [0.06006879]
 [0.06006879]
 [0.06006879]
 [0.06006879]
 [0.06006879]
 [0.06006879]
 [0.06006879]
 [0.06006879]
 [0.06006879]
 [0.06006879]
 [0.06006879]
 [0.06006879]
 [0.06006879]
 [0.06006879]
 [0.06006879]
 [0.06006879]
 [0.06006879]
 [0.06006879]
 [0.06006879]
 [0.06006879]
 [0.06006879]
 [0.06006879]
 [0.06006879]
 [0.06006879]
 [0.06006879]
 [0.06006879]]",0.2767811
7,0.01,4,20,Swish,"[[-2.51492858e-03]
 [-2.49853730e-03]
 [-2.46396661e-03]
 [-2.41723657e-03]
 [-2.36436725e-03]
 [-2.31091678e-03]
 [-2.26141512e-03]
 [-2.21922994e-03]
 [-2.18702853e-03]
 [-2.16603279e-03]
 [-2.15668976e-03]
 [-2.15867162e-03]
 [-2.17108428e-03]
 [-2.19236314e-03]
 [-2.22058594e-03]
 [-2.25363672e-03]
 [-2.28926539e-03]
 [-2.32508779e-03]
 [-2.35867500e-03]
 [-2.38779187e-03]
 [-2.41014361e-03]
 [-2.42379308e-03]
 [-2.42677331e-03]
 [-2.41735578e-03]
 [-2.39402056e-03]
 [-2.35547125e-03]
 [-2.30054557e-03]
 [-2.22824514e-03]
 [-2.13779509e-03]
 [-2.02846527e-03]
 [-1.89988315e-03]
 [-1.75154209e-03]
 [-1.58330798e-03]
 [-1.39491260e-03]
 [-1.18641555e-03]
 [-9.57980752e-04]
 [-7.09444284e-04]
 [-4.41238284e-04]
 [-1.53422356e-04]
 [ 1.53958797e-04]
 [ 4.80875373e-04]
 [ 8.27714801e-04]
 [ 1.19531155e-03]
 [ 1.58500671e-03]
 [ 1.99931860e-03]
 [ 2.44157016e-03]
 [ 2.91684270e-03]
 [ 3.43246758e-03]
 [ 3.99777293e-03]
 [ 4.62575257e-03]
 [ 5.33287227e-03]
 [ 6.14039600e-03]
 [ 7.07522035e-03]
 [ 8.17111135e-03]
 [ 9.46931541e-03]
 [ 1.10207200e-02]
 [ 1.28868669e-02]
 [ 1.51417106e-02]
 [ 1.78728104e-02]
 [ 2.11833268e-02]
 [ 2.51931846e-02]
 [ 3.00397128e-02]
 [ 3.58783007e-02]
 [ 4.28817719e-02]
 [ 5.12389094e-02]
 [ 6.11511916e-02]
 [ 7.28289038e-02]
 [ 8.64848495e-02]
 [ 1.02326930e-01]
 [ 1.20550156e-01]
 [ 1.41325638e-01]
 [ 1.64792880e-01]
 [ 1.91047937e-01]
 [ 2.20136851e-01]
 [ 2.52047300e-01]
 [ 2.86704093e-01]
 [ 3.23965758e-01]
 [ 3.63623738e-01]
 [ 4.05405521e-01]
 [ 4.48973000e-01]
 [ 4.93932068e-01]
 [ 5.39836526e-01]
 [ 5.86192846e-01]
 [ 6.32471442e-01]
 [ 6.78113520e-01]
 [ 7.22539008e-01]
 [ 7.65161753e-01]
 [ 8.05392087e-01]
 [ 8.42658222e-01]
 [ 8.76404226e-01]
 [ 9.06117141e-01]
 [ 9.31324780e-01]
 [ 9.51614499e-01]
 [ 9.66637313e-01]
 [ 9.76121962e-01]
 [ 9.79878843e-01]
 [ 9.77806866e-01]
 [ 9.69898641e-01]
 [ 9.56241071e-01]
 [ 9.37020123e-01]
 [ 9.12513614e-01]
 [ 8.83090079e-01]
 [ 8.49203169e-01]
 [ 8.11379611e-01]
 [ 7.70207763e-01]
 [ 7.26325929e-01]
 [ 6.80403590e-01]
 [ 6.33128643e-01]
 [ 5.85182726e-01]
 [ 5.37228405e-01]
 [ 4.89890933e-01]
 [ 4.43740606e-01]
 [ 3.99281740e-01]
 [ 3.56941223e-01]
 [ 3.17062616e-01]
 [ 2.79901564e-01]
 [ 2.45628610e-01]
 [ 2.14331046e-01]
 [ 1.86020657e-01]
 [ 1.60643503e-01]
 [ 1.38090059e-01]
 [ 1.18207499e-01]
 [ 1.00810930e-01]
 [ 8.56943280e-02]
 [ 7.26406425e-02]
 [ 6.14312440e-02]
 [ 5.18517494e-02]
 [ 4.36982810e-02]]",0.0006539362
8,0.05,7,70,tanh,"[[0.06013523]
 [0.060135  ]
 [0.06013473]
 [0.06013434]
 [0.06013395]
 [0.06013368]
 [0.06013357]
 [0.06013336]
 [0.06013312]
 [0.06013282]
 [0.06013264]
 [0.06013249]
 [0.06013222]
 [0.0601321 ]
 [0.06013205]
 [0.0601319 ]
 [0.06013178]
 [0.06013178]
 [0.06013148]
 [0.06013145]
 [0.06013133]
 [0.06013127]
 [0.06013109]
 [0.06013094]
 [0.06013082]
 [0.06013076]
 [0.06013053]
 [0.06013047]
 [0.06013044]
 [0.06013017]
 [0.06013005]
 [0.06012993]
 [0.06012993]
 [0.0601299 ]
 [0.06012966]
 [0.06012936]
 [0.06012924]
 [0.06012909]
 [0.06012892]
 [0.06012892]
 [0.06012859]
 [0.06012859]
 [0.06012844]
 [0.06012802]
 [0.06012796]
 [0.06012772]
 [0.06012757]
 [0.06012737]
 [0.06012713]
 [0.06012698]
 [0.06012662]
 [0.06012641]
 [0.06012614]
 [0.06012585]
 [0.06012573]
 [0.06012531]
 [0.06012495]
 [0.06012445]
 [0.06012418]
 [0.06012361]
 [0.06012322]
 [0.0601229 ]
 [0.06012227]
 [0.06012167]
 [0.0601212 ]
 [0.0601206 ]
 [0.06011986]
 [0.06011908]
 [0.06011822]
 [0.06011765]
 [0.06011679]
 [0.0601158 ]
 [0.060115  ]
 [0.0601141 ]
 [0.060113  ]
 [0.06011193]
 [0.06011098]
 [0.06011008]
 [0.06010901]
 [0.06010802]
 [0.06010695]
 [0.060106  ]
 [0.0601049 ]
 [0.06010388]
 [0.06010299]
 [0.06010203]
 [0.06010102]
 [0.06010019]
 [0.06009953]
 [0.0600987 ]
 [0.06009774]
 [0.06009718]
 [0.0600964 ]
 [0.0600959 ]
 [0.06009536]
 [0.06009479]
 [0.06009417]
 [0.06009369]
 [0.0600933 ]
 [0.06009297]
 [0.06009247]
 [0.06009217]
 [0.06009184]
 [0.06009163]
 [0.06009128]
 [0.06009089]
 [0.06009074]
 [0.06009056]
 [0.06009044]
 [0.06009017]
 [0.06009017]
 [0.06009005]
 [0.06008993]
 [0.06008993]
 [0.06008993]
 [0.06008993]
 [0.06008982]
 [0.06008982]
 [0.06008979]
 [0.06008993]
 [0.06008993]
 [0.06008993]
 [0.06008993]
 [0.06009005]
 [0.06009017]
 [0.06009017]
 [0.06009017]
 [0.06009044]]",0.2767557
9,0.005,5,40,Swish,"[[-3.12514603e-03]
 [-2.97506154e-03]
 [-2.81192362e-03]
 [-2.63316929e-03]
 [-2.43784487e-03]
 [-2.22419202e-03]
 [-1.99110806e-03]
 [-1.73832476e-03]
 [-1.46658719e-03]
 [-1.17634237e-03]
 [-8.68991017e-04]
 [-5.46768308e-04]
 [-2.12147832e-04]
 [ 1.31800771e-04]
 [ 4.81531024e-04]
 [ 8.32751393e-04]
 [ 1.18170679e-03]
 [ 1.52306259e-03]
 [ 1.85291469e-03]
 [ 2.16625631e-03]
 [ 2.45817006e-03]
 [ 2.72427499e-03]
 [ 2.96030939e-03]
 [ 3.16257775e-03]
 [ 3.32756341e-03]
 [ 3.45237553e-03]
 [ 3.53486836e-03]
 [ 3.57319415e-03]
 [ 3.56628001e-03]
 [ 3.51394713e-03]
 [ 3.41679156e-03]
 [ 3.27573717e-03]
 [ 3.09230387e-03]
 [ 2.86902487e-03]
 [ 2.60861218e-03]
 [ 2.31443346e-03]
 [ 1.99027359e-03]
 [ 1.64046884e-03]
 [ 1.26917660e-03]
 [ 8.81597400e-04]
 [ 4.82872128e-04]
 [ 7.86632299e-05]
 [-3.24860215e-04]
 [-7.20947981e-04]
 [-1.10180676e-03]
 [-1.45857036e-03]
 [-1.78103149e-03]
 [-2.05682218e-03]
 [-2.27139890e-03]
 [-2.40661204e-03]
 [-2.44061649e-03]
 [-2.34699249e-03]
 [-2.09297240e-03]
 [-1.63908303e-03]
 [-9.37685370e-04]
 [ 6.86347485e-05]
 [ 1.44828856e-03]
 [ 3.28184664e-03]
 [ 5.66381216e-03]
 [ 8.70363414e-03]
 [ 1.25262290e-02]
 [ 1.72734112e-02]
 [ 2.31026858e-02]
 [ 3.01871598e-02]
 [ 3.87131125e-02]
 [ 4.88778800e-02]
 [ 6.08843118e-02]
 [ 7.49362409e-02]
 [ 9.12300199e-02]
 [ 1.09947160e-01]
 [ 1.31244451e-01]
 [ 1.55242637e-01]
 [ 1.82018936e-01]
 [ 2.11594597e-01]
 [ 2.43928000e-01]
 [ 2.78907746e-01]
 [ 3.16349387e-01]
 [ 3.55995834e-01]
 [ 3.97518456e-01]
 [ 4.40522254e-01]
 [ 4.84558344e-01]
 [ 5.29129565e-01]
 [ 5.73705375e-01]
 [ 6.17735088e-01]
 [ 6.60657287e-01]
 [ 7.01920033e-01]
 [ 7.40985990e-01]
 [ 7.77344108e-01]
 [ 8.10518503e-01]
 [ 8.40079427e-01]
 [ 8.65642548e-01]
 [ 8.86878669e-01]
 [ 9.03513491e-01]
 [ 9.15335894e-01]
 [ 9.22189713e-01]
 [ 9.23986316e-01]
 [ 9.20692086e-01]
 [ 9.12343860e-01]
 [ 8.99033666e-01]
 [ 8.80917072e-01]
 [ 8.58216465e-01]
 [ 8.31205964e-01]
 [ 8.00220251e-01]
 [ 7.65650213e-01]
 [ 7.27939248e-01]
 [ 6.87574387e-01]
 [ 6.45081878e-01]
 [ 6.01018608e-01]
 [ 5.55963397e-01]
 [ 5.10498941e-01]
 [ 4.65203106e-01]
 [ 4.20631588e-01]
 [ 3.77306938e-01]
 [ 3.35698009e-01]
 [ 2.96214163e-01]
 [ 2.59188026e-01]
 [ 2.24877179e-01]
 [ 1.93453863e-01]
 [ 1.65009499e-01]
 [ 1.39559820e-01]
 [ 1.17050216e-01]
 [ 9.73674804e-02]
 [ 8.03522915e-02]
 [ 6.58074170e-02]
 [ 5.35141081e-02]
 [ 4.32395488e-02]
 [ 3.47482413e-02]
 [ 2.78081745e-02]]",0.0007096332
10,0.005,7,80,sin,"[[-3.40960920e-03]
 [-3.44346464e-03]
 [-3.48128378e-03]
 [-3.52348387e-03]
 [-3.57024372e-03]
 [-3.62129509e-03]
 [-3.67714465e-03]
 [-3.73776257e-03]
 [-3.80270183e-03]
 [-3.87240946e-03]
 [-3.94622982e-03]
 [-4.02398407e-03]
 [-4.10531461e-03]
 [-4.19004261e-03]
 [-4.27727401e-03]
 [-4.36653197e-03]
 [-4.45742905e-03]
 [-4.54889238e-03]
 [-4.64056432e-03]
 [-4.73161042e-03]
 [-4.82113659e-03]
 [-4.90827858e-03]
 [-4.99220192e-03]
 [-5.07204235e-03]
 [-5.14702499e-03]
 [-5.21607697e-03]
 [-5.27833402e-03]
 [-5.33251464e-03]
 [-5.37796319e-03]
 [-5.41339815e-03]
 [-5.43703139e-03]
 [-5.44790924e-03]
 [-5.44463098e-03]
 [-5.42511046e-03]
 [-5.38758934e-03]
 [-5.32986224e-03]
 [-5.24936616e-03]
 [-5.14359772e-03]
 [-5.00936806e-03]
 [-4.84310091e-03]
 [-4.64110076e-03]
 [-4.39845026e-03]
 [-4.11050022e-03]
 [-3.77164781e-03]
 [-3.37545574e-03]
 [-2.91429460e-03]
 [-2.38038599e-03]
 [-1.76431239e-03]
 [-1.05442107e-03]
 [-2.38642097e-04]
 [ 6.98432326e-04]
 [ 1.77459419e-03]
 [ 3.01085413e-03]
 [ 4.43293154e-03]
 [ 6.07158244e-03]
 [ 7.96450675e-03]
 [ 1.01572722e-02]
 [ 1.27057582e-02]
 [ 1.56776458e-02]
 [ 1.91542357e-02]
 [ 2.32343823e-02]
 [ 2.80352086e-02]
 [ 3.36946994e-02]
 [ 4.03741747e-02]
 [ 4.82578427e-02]
 [ 5.75533062e-02]
 [ 6.84894472e-02]
 [ 8.13120455e-02]
 [ 9.62774009e-02]
 [ 1.13643125e-01]
 [ 1.33656442e-01]
 [ 1.56538203e-01]
 [ 1.82469502e-01]
 [ 2.11572111e-01]
 [ 2.43893310e-01]
 [ 2.79390633e-01]
 [ 3.17923605e-01]
 [ 3.59243989e-01]
 [ 4.02999640e-01]
 [ 4.48738754e-01]
 [ 4.95922446e-01]
 [ 5.43941975e-01]
 [ 5.92139363e-01]
 [ 6.39832020e-01]
 [ 6.86330795e-01]
 [ 7.30966389e-01]
 [ 7.73105741e-01]
 [ 8.12164724e-01]
 [ 8.47623885e-01]
 [ 8.79031777e-01]
 [ 9.06009078e-01]
 [ 9.28252399e-01]
 [ 9.45527613e-01]
 [ 9.57672358e-01]
 [ 9.64587510e-01]
 [ 9.66238558e-01]
 [ 9.62646186e-01]
 [ 9.53889370e-01]
 [ 9.40097749e-01]
 [ 9.21454608e-01]
 [ 8.98193240e-01]
 [ 8.70597124e-01]
 [ 8.39000463e-01]
 [ 8.03785861e-01]
 [ 7.65384316e-01]
 [ 7.24270463e-01]
 [ 6.80959046e-01]
 [ 6.35997176e-01]
 [ 5.89954078e-01]
 [ 5.43411732e-01]
 [ 4.96949196e-01]
 [ 4.51128423e-01]
 [ 4.06480014e-01]
 [ 3.63484204e-01]
 [ 3.22562337e-01]
 [ 2.84061015e-01]
 [ 2.48248562e-01]
 [ 2.15306774e-01]
 [ 1.85335204e-01]
 [ 1.58353493e-01]
 [ 1.34310052e-01]
 [ 1.13092795e-01]
 [ 9.45412666e-02]
 [ 7.84592181e-02]
 [ 6.46284074e-02]
 [ 5.28188199e-02]
 [ 4.27999347e-02]
 [ 3.43473703e-02]]",0.00046081937
11,0.0001,8,70,Swish,"[[ 1.72783528e-03]
 [ 1.57375727e-03]
 [ 1.41577516e-03]
 [ 1.25412736e-03]
 [ 1.08917151e-03]
 [ 9.21086408e-04]
 [ 7.50587322e-04]
 [ 5.77763654e-04]
 [ 4.03479673e-04]
 [ 2.28420831e-04]
 [ 5.32725826e-05]
 [-1.20981596e-04]
 [-2.93566845e-04]
 [-4.63022850e-04]
 [-6.28455542e-04]
 [-7.88017176e-04]
 [-9.40992497e-04]
 [-1.08550396e-03]
 [-1.21988263e-03]
 [-1.34231057e-03]
 [-1.45114865e-03]
 [-1.54440012e-03]
 [-1.61991920e-03]
 [-1.67579856e-03]
 [-1.70989241e-03]
 [-1.72005501e-03]
 [-1.70393195e-03]
 [-1.65940728e-03]
 [-1.58406701e-03]
 [-1.47600379e-03]
 [-1.33274402e-03]
 [-1.15223136e-03]
 [-9.32111405e-04]
 [-6.71043061e-04]
 [-3.66314314e-04]
 [-1.64052472e-05]
 [ 3.80323268e-04]
 [ 8.25599767e-04]
 [ 1.32067595e-03]
 [ 1.86713133e-03]
 [ 2.46547256e-03]
 [ 3.11695132e-03]
 [ 3.82237229e-03]
 [ 4.58191428e-03]
 [ 5.39620314e-03]
 [ 6.26553688e-03]
 [ 7.18994532e-03]
 [ 8.16981588e-03]
 [ 9.20586381e-03]
 [ 1.02992812e-02]
 [ 1.14523629e-02]
 [ 1.26692811e-02]
 [ 1.39557878e-02]
 [ 1.53216878e-02]
 [ 1.67813748e-02]
 [ 1.83550864e-02]
 [ 2.00713724e-02]
 [ 2.19696015e-02]
 [ 2.41021663e-02]
 [ 2.65372843e-02]
 [ 2.93629616e-02]
 [ 3.26895565e-02]
 [ 3.66532952e-02]
 [ 4.14186865e-02]
 [ 4.71795797e-02]
 [ 5.41604608e-02]
 [ 6.26155287e-02]
 [ 7.28226155e-02]
 [ 8.50795954e-02]
 [ 9.96927172e-02]
 [ 1.16967186e-01]
 [ 1.37187570e-01]
 [ 1.60605773e-01]
 [ 1.87418744e-01]
 [ 2.17750117e-01]
 [ 2.51637399e-01]
 [ 2.89006531e-01]
 [ 3.29678893e-01]
 [ 3.73351246e-01]
 [ 4.19605494e-01]
 [ 4.67916757e-01]
 [ 5.17661095e-01]
 [ 5.68141580e-01]
 [ 6.18610620e-01]
 [ 6.68280780e-01]
 [ 7.16370165e-01]
 [ 7.62102187e-01]
 [ 8.04745615e-01]
 [ 8.43625665e-01]
 [ 8.78130257e-01]
 [ 9.07741189e-01]
 [ 9.32016432e-01]
 [ 9.50631440e-01]
 [ 9.63340342e-01]
 [ 9.70012724e-01]
 [ 9.70608056e-01]
 [ 9.65184629e-01]
 [ 9.53899741e-01]
 [ 9.36987102e-01]
 [ 9.14765835e-01]
 [ 8.87631118e-01]
 [ 8.56035411e-01]
 [ 8.20499957e-01]
 [ 7.81572521e-01]
 [ 7.39849448e-01]
 [ 6.95948899e-01]
 [ 6.50491238e-01]
 [ 6.04102194e-01]
 [ 5.57384551e-01]
 [ 5.10924757e-01]
 [ 4.65256155e-01]
 [ 4.20868516e-01]
 [ 3.78194809e-01]
 [ 3.37597281e-01]
 [ 2.99370170e-01]
 [ 2.63735056e-01]
 [ 2.30844170e-01]
 [ 2.00775251e-01]
 [ 1.73547015e-01]
 [ 1.49116680e-01]
 [ 1.27396479e-01]
 [ 1.08256891e-01]
 [ 9.15348381e-02]
 [ 7.70462900e-02]
 [ 6.45918995e-02]
 [ 5.39653748e-02]
 [ 4.49608713e-02]
 [ 3.73753756e-02]]",0.000385223
12,0.005,8,70,Swish,"[[2.99725682e-04]
 [2.86940485e-04]
 [2.74349004e-04]
 [2.61958688e-04]
 [2.49836594e-04]
 [2.38053501e-04]
 [2.26702541e-04]
 [2.15820968e-04]
 [2.05535442e-04]
 [1.95942819e-04]
 [1.87136233e-04]
 [1.79197639e-04]
 [1.72235072e-04]
 [1.66330487e-04]
 [1.61558390e-04]
 [1.58015639e-04]
 [1.55735761e-04]
 [1.54752284e-04]
 [1.55087560e-04]
 [1.56745315e-04]
 [1.59669667e-04]
 [1.63827091e-04]
 [1.69117004e-04]
 [1.75427645e-04]
 [1.82636082e-04]
 [1.90559775e-04]
 [1.99012458e-04]
 [2.07822770e-04]
 [2.16763467e-04]
 [2.25640833e-04]
 [2.34320760e-04]
 [2.42654234e-04]
 [2.50641257e-04]
 [2.58285552e-04]
 [2.65866518e-04]
 [2.73734331e-04]
 [2.82563269e-04]
 [2.93325633e-04]
 [3.07392329e-04]
 [3.26588750e-04]
 [3.53395939e-04]
 [3.91006470e-04]
 [4.43447381e-04]
 [5.15881926e-04]
 [6.14643097e-04]
 [7.47688115e-04]
 [9.24665481e-04]
 [1.15749240e-03]
 [1.46049634e-03]
 [1.85106322e-03]
 [2.35011056e-03]
 [2.98267603e-03]
 [3.77864018e-03]
 [4.77357209e-03]
 [6.00959733e-03]
 [7.53635541e-03]
 [9.41214338e-03]
 [1.17051266e-02]
 [1.44945048e-02]
 [1.78716443e-02]
 [2.19415911e-02]
 [2.68236063e-02]
 [3.26523930e-02]
 [3.95781100e-02]
 [4.77663204e-02]
 [5.73970899e-02]
 [6.86627030e-02]
 [8.17651153e-02]
 [9.69110280e-02]
 [1.14306435e-01]
 [1.34149089e-01]
 [1.56619951e-01]
 [1.81873813e-01]
 [2.10028589e-01]
 [2.41155237e-01]
 [2.75265247e-01]
 [3.12302589e-01]
 [3.52132887e-01]
 [3.94536436e-01]
 [4.39203054e-01]
 [4.85729784e-01]
 [5.33622563e-01]
 [5.82302153e-01]
 [6.31117523e-01]
 [6.79360151e-01]
 [7.26287782e-01]
 [7.71149457e-01]
 [8.13208699e-01]
 [8.51772249e-01]
 [8.86211038e-01]
 [9.15979862e-01]
 [9.40629125e-01]
 [9.59815264e-01]
 [9.73301589e-01]
 [9.80957806e-01]
 [9.82753754e-01]
 [9.78752315e-01]
 [9.69101429e-01]
 [9.54023600e-01]
 [9.33808386e-01]
 [9.08804297e-01]
 [8.79411399e-01]
 [8.46075177e-01]
 [8.09279323e-01]
 [7.69540668e-01]
 [7.27400899e-01]
 [6.83418572e-01]
 [6.38158441e-01]
 [5.92184246e-01]
 [5.46044707e-01]
 [5.00265002e-01]
 [4.55334097e-01]
 [4.11696374e-01]
 [3.69743496e-01]
 [3.29806954e-01]
 [2.92155087e-01]
 [2.56992400e-01]
 [2.24456280e-01]
 [1.94624096e-01]
 [1.67515144e-01]
 [1.43097341e-01]
 [1.21295065e-01]
 [1.01995759e-01]
 [8.50585625e-02]
 [7.03217685e-02]
 [5.76098040e-02]
 [4.67397533e-02]
 [3.75270322e-02]]",7.6807046e-05
13,0.005,8,50,Swish,"[[ 1.01710856e-03]
 [ 1.00152940e-03]
 [ 9.86620784e-04]
 [ 9.72509384e-04]
 [ 9.59094614e-04]
 [ 9.46447253e-04]
 [ 9.34474170e-04]
 [ 9.23123211e-04]
 [ 9.12293792e-04]
 [ 9.01825726e-04]
 [ 8.91603529e-04]
 [ 8.81444663e-04]
 [ 8.71110708e-04]
 [ 8.60389322e-04]
 [ 8.49060714e-04]
 [ 8.36826861e-04]
 [ 8.23393464e-04]
 [ 8.08455050e-04]
 [ 7.91728497e-04]
 [ 7.72874802e-04]
 [ 7.51551241e-04]
 [ 7.27452338e-04]
 [ 7.00257719e-04]
 [ 6.69624656e-04]
 [ 6.35348260e-04]
 [ 5.97089529e-04]
 [ 5.54718077e-04]
 [ 5.08032739e-04]
 [ 4.56973910e-04]
 [ 4.01530415e-04]
 [ 3.41810286e-04]
 [ 2.78018415e-04]
 [ 2.10553408e-04]
 [ 1.39959157e-04]
 [ 6.69211149e-05]
 [-7.56978989e-06]
 [-8.23512673e-05]
 [-1.55925751e-04]
 [-2.26475298e-04]
 [-2.91794538e-04]
 [-3.49178910e-04]
 [-3.95499170e-04]
 [-4.26933169e-04]
 [-4.38965857e-04]
 [-4.26083803e-04]
 [-3.81849706e-04]
 [-2.98485160e-04]
 [-1.66632235e-04]
 [ 2.49147415e-05]
 [ 2.89700925e-04]
 [ 6.43998384e-04]
 [ 1.10744312e-03]
 [ 1.70380622e-03]
 [ 2.46171653e-03]
 [ 3.41570377e-03]
 [ 4.60741296e-03]
 [ 6.08687848e-03]
 [ 7.91414082e-03]
 [ 1.01610348e-02]
 [ 1.29130855e-02]
 [ 1.62716806e-02]
 [ 2.03560777e-02]
 [ 2.53059454e-02]
 [ 3.12826708e-02]
 [ 3.84713598e-02]
 [ 4.70808372e-02]
 [ 5.73430657e-02]
 [ 6.95101842e-02]
 [ 8.38498548e-02]
 [ 1.00636348e-01]
 [ 1.20140187e-01]
 [ 1.42611861e-01]
 [ 1.68265134e-01]
 [ 1.97256684e-01]
 [ 2.29665011e-01]
 [ 2.65471965e-01]
 [ 3.04546833e-01]
 [ 3.46637547e-01]
 [ 3.91371131e-01]
 [ 4.38257456e-01]
 [ 4.86710072e-01]
 [ 5.36064088e-01]
 [ 5.85605204e-01]
 [ 6.34599984e-01]
 [ 6.82317734e-01]
 [ 7.28057981e-01]
 [ 7.71169662e-01]
 [ 8.11064243e-01]
 [ 8.47221375e-01]
 [ 8.79201591e-01]
 [ 9.06638265e-01]
 [ 9.29241300e-01]
 [ 9.46793318e-01]
 [ 9.59142923e-01]
 [ 9.66202974e-01]
 [ 9.67945158e-01]
 [ 9.64396358e-01]
 [ 9.55636978e-01]
 [ 9.41796064e-01]
 [ 9.23054218e-01]
 [ 8.99640262e-01]
 [ 8.71832609e-01]
 [ 8.39959979e-01]
 [ 8.04401159e-01]
 [ 7.65583634e-01]
 [ 7.23985314e-01]
 [ 6.80127501e-01]
 [ 6.34569049e-01]
 [ 5.87902069e-01]
 [ 5.40735483e-01]
 [ 4.93680477e-01]
 [ 4.47336555e-01]
 [ 4.02270317e-01]
 [ 3.58995974e-01]
 [ 3.17957222e-01]
 [ 2.79515326e-01]
 [ 2.43939757e-01]
 [ 2.11399108e-01]
 [ 1.81969225e-01]
 [ 1.55637056e-01]
 [ 1.32313564e-01]
 [ 1.11848667e-01]
 [ 9.40470248e-02]
 [ 7.86835477e-02]
 [ 6.55179918e-02]
 [ 5.43065742e-02]
 [ 4.48123962e-02]
 [ 3.68112847e-02]]",0.00026505487
14,0.005,8,80,Swish,"[[-1.96704268e-03]
 [-1.95432454e-03]
 [-1.94046646e-03]
 [-1.92558765e-03]
 [-1.90981477e-03]
 [-1.89326704e-03]
 [-1.87610835e-03]
 [-1.85844302e-03]
 [-1.84039772e-03]
 [-1.82209909e-03]
 [-1.80360675e-03]
 [-1.78499520e-03]
 [-1.76636875e-03]
 [-1.74774230e-03]
 [-1.72913074e-03]
 [-1.71058625e-03]
 [-1.69207156e-03]
 [-1.67354941e-03]
 [-1.65501982e-03]
 [-1.63641572e-03]
 [-1.61767006e-03]
 [-1.59870088e-03]
 [-1.57941133e-03]
 [-1.55971944e-03]
 [-1.53945386e-03]
 [-1.51849538e-03]
 [-1.49665028e-03]
 [-1.47370994e-03]
 [-1.44946575e-03]
 [-1.42360479e-03]
 [-1.39581412e-03]
 [-1.36563927e-03]
 [-1.33261085e-03]
 [-1.29613280e-03]
 [-1.25545263e-03]
 [-1.20970607e-03]
 [-1.15779042e-03]
 [-1.09839439e-03]
 [-1.02986395e-03]
 [-9.50217247e-04]
 [-8.57003033e-04]
 [-7.47174025e-04]
 [-6.17042184e-04]
 [-4.62025404e-04]
 [-2.76468694e-04]
 [-5.34355640e-05]
 [ 2.15649605e-04]
 [ 5.41359186e-04]
 [ 9.36731696e-04]
 [ 1.41780823e-03]
 [ 2.00439245e-03]
 [ 2.72074342e-03]
 [ 3.59663367e-03]
 [ 4.66842949e-03]
 [ 5.98037615e-03]
 [ 7.58591294e-03]
 [ 9.54923779e-03]
 [ 1.19467042e-02]
 [ 1.48681626e-02]
 [ 1.84179172e-02]
 [ 2.27152593e-02]
 [ 2.78940834e-02]
 [ 3.41014937e-02]
 [ 4.14955989e-02]
 [ 5.02415150e-02]
 [ 6.05069883e-02]
 [ 7.24574775e-02]
 [ 8.62510800e-02]
 [ 1.02035463e-01]
 [ 1.19944364e-01]
 [ 1.40098408e-01]
 [ 1.62603781e-01]
 [ 1.87553346e-01]
 [ 2.15024784e-01]
 [ 2.45073631e-01]
 [ 2.77724952e-01]
 [ 3.12957883e-01]
 [ 3.50688517e-01]
 [ 3.90752912e-01]
 [ 4.32893157e-01]
 [ 4.76750255e-01]
 [ 5.21864831e-01]
 [ 5.67688525e-01]
 [ 6.13602042e-01]
 [ 6.58939183e-01]
 [ 7.03012466e-01]
 [ 7.45141625e-01]
 [ 7.84674406e-01]
 [ 8.21005583e-01]
 [ 8.53593588e-01]
 [ 8.81965399e-01]
 [ 9.05726314e-01]
 [ 9.24558878e-01]
 [ 9.38223422e-01]
 [ 9.46557820e-01]
 [ 9.49473500e-01]
 [ 9.46953416e-01]
 [ 9.39052343e-01]
 [ 9.25891697e-01]
 [ 9.07661438e-01]
 [ 8.84616494e-01]
 [ 8.57077599e-01]
 [ 8.25429440e-01]
 [ 7.90116191e-01]
 [ 7.51638830e-01]
 [ 7.10548520e-01]
 [ 6.67434573e-01]
 [ 6.22914910e-01]
 [ 5.77618301e-01]
 [ 5.32166243e-01]
 [ 4.87153590e-01]
 [ 4.43128526e-01]
 [ 4.00574923e-01]
 [ 3.59897971e-01]
 [ 3.21416020e-01]
 [ 2.85358846e-01]
 [ 2.51871765e-01]
 [ 2.21024364e-01]
 [ 1.92822933e-01]
 [ 1.67225391e-01]
 [ 1.44151911e-01]
 [ 1.23497508e-01]
 [ 1.05138294e-01]
 [ 8.89371708e-02]
 [ 7.47471675e-02]
 [ 6.24142066e-02]
 [ 5.17785437e-02]
 [ 4.26781140e-02]]",0.0002427898
15,0.005,8,30,Swish,"[[-4.41491604e-04]
 [-4.06429172e-04]
 [-3.75121832e-04]
 [-3.46973538e-04]
 [-3.21492553e-04]
 [-2.98187137e-04]
 [-2.76669860e-04]
 [-2.56747007e-04]
 [-2.38150358e-04]
 [-2.20969319e-04]
 [-2.05263495e-04]
 [-1.91196799e-04]
 [-1.78918242e-04]
 [-1.68755651e-04]
 [-1.60932541e-04]
 [-1.55448914e-04]
 [-1.52617693e-04]
 [-1.52423978e-04]
 [-1.54897571e-04]
 [-1.59934163e-04]
 [-1.67414546e-04]
 [-1.77189708e-04]
 [-1.89006329e-04]
 [-2.02432275e-04]
 [-2.17348337e-04]
 [-2.33232975e-04]
 [-2.49683857e-04]
 [-2.66335905e-04]
 [-2.82719731e-04]
 [-2.98336148e-04]
 [-3.12596560e-04]
 [-3.25024128e-04]
 [-3.34866345e-04]
 [-3.41519713e-04]
 [-3.44045460e-04]
 [-3.41534615e-04]
 [-3.32787633e-04]
 [-3.16381454e-04]
 [-2.90557742e-04]
 [-2.53275037e-04]
 [-2.01910734e-04]
 [-1.33171678e-04]
 [-4.32804227e-05]
 [ 7.27474689e-05]
 [ 2.20835209e-04]
 [ 4.08172607e-04]
 [ 6.43759966e-04]
 [ 9.38452780e-04]
 [ 1.30541623e-03]
 [ 1.76075101e-03]
 [ 2.32383609e-03]
 [ 3.01821530e-03]
 [ 3.87200713e-03]
 [ 4.91914153e-03]
 [ 6.20016456e-03]
 [ 7.76319206e-03]
 [ 9.66554880e-03]
 [ 1.19744539e-02]
 [ 1.47691816e-02]
 [ 1.81417838e-02]
 [ 2.21989080e-02]
 [ 2.70628557e-02]
 [ 3.28729898e-02]
 [ 3.97860482e-02]
 [ 4.79767025e-02]
 [ 5.76366782e-02]
 [ 6.89732730e-02]
 [ 8.22070092e-02]
 [ 9.75659192e-02]
 [ 1.15280546e-01]
 [ 1.35575414e-01]
 [ 1.58656418e-01]
 [ 1.84700429e-01]
 [ 2.13838637e-01]
 [ 2.46141225e-01]
 [ 2.81602353e-01]
 [ 3.20124269e-01]
 [ 3.61507922e-01]
 [ 4.05446172e-01]
 [ 4.51522768e-01]
 [ 4.99219924e-01]
 [ 5.47933578e-01]
 [ 5.96992970e-01]
 [ 6.45683646e-01]
 [ 6.93273783e-01]
 [ 7.39041686e-01]
 [ 7.82297611e-01]
 [ 8.22404742e-01]
 [ 8.58792663e-01]
 [ 8.90967846e-01]
 [ 9.18518186e-01]
 [ 9.41117287e-01]
 [ 9.58518863e-01]
 [ 9.70556498e-01]
 [ 9.77137923e-01]
 [ 9.78240967e-01]
 [ 9.73907948e-01]
 [ 9.64241862e-01]
 [ 9.49404955e-01]
 [ 9.29614067e-01]
 [ 9.05141830e-01]
 [ 8.76309514e-01]
 [ 8.43491912e-01]
 [ 8.07113767e-01]
 [ 7.67642856e-01]
 [ 7.25590706e-01]
 [ 6.81503057e-01]
 [ 6.35951161e-01]
 [ 5.89522600e-01]
 [ 5.42807460e-01]
 [ 4.96381044e-01]
 [ 4.50792074e-01]
 [ 4.06545460e-01]
 [ 3.64089131e-01]
 [ 3.23801696e-01]
 [ 2.85985649e-01]
 [ 2.50862718e-01]
 [ 2.18573600e-01]
 [ 1.89181298e-01]
 [ 1.62679553e-01]
 [ 1.39001265e-01]
 [ 1.18028358e-01]
 [ 9.96051058e-02]
 [ 8.35489035e-02]
 [ 6.96593225e-02]
 [ 5.77282459e-02]
 [ 4.75477353e-02]
 [ 3.89158279e-02]]",0.00013891468
16,0.0005,8,60,sigmoid,"[[0.02759469]
 [0.02779261]
 [0.02800212]
 [0.02822358]
 [0.02845723]
 [0.02870292]
 [0.02896113]
 [0.02923195]
 [0.02951569]
 [0.02981267]
 [0.03012295]
 [0.03044708]
 [0.03078515]
 [0.03113754]
 [0.03150464]
 [0.03188701]
 [0.03228457]
 [0.0326979 ]
 [0.03312744]
 [0.03357382]
 [0.03403692]
 [0.03451757]
 [0.0350158 ]
 [0.03553255]
 [0.03606791]
 [0.03662206]
 [0.03719566]
 [0.03778918]
 [0.0384029 ]
 [0.03903721]
 [0.03969238]
 [0.04036878]
 [0.04106707]
 [0.04178674]
 [0.04252882]
 [0.04329337]
 [0.04408054]
 [0.04489062]
 [0.04572366]
 [0.04657991]
 [0.04745938]
 [0.04836215]
 [0.04928822]
 [0.05023761]
 [0.05120991]
 [0.05220522]
 [0.05322326]
 [0.05426372]
 [0.05532585]
 [0.0564091 ]
 [0.05751328]
 [0.05863706]
 [0.05977963]
 [0.06093998]
 [0.06211678]
 [0.06330851]
 [0.0645136 ]
 [0.06573016]
 [0.0669559 ]
 [0.06818888]
 [0.06942639]
 [0.07066546]
 [0.07190342]
 [0.07313628]
 [0.0743616 ]
 [0.07557429]
 [0.07677112]
 [0.07794753]
 [0.07909907]
 [0.08022074]
 [0.0813079 ]
 [0.08235539]
 [0.083358  ]
 [0.08431033]
 [0.08520732]
 [0.08604331]
 [0.08681349]
 [0.08751214]
 [0.0881345 ]
 [0.08867619]
 [0.08913241]
 [0.08949909]
 [0.08977277]
 [0.08995006]
 [0.09002835]
 [0.09000546]
 [0.08987994]
 [0.08965085]
 [0.08931804]
 [0.08888165]
 [0.0883427 ]
 [0.08770312]
 [0.08696491]
 [0.08613086]
 [0.08520461]
 [0.08418972]
 [0.08309085]
 [0.08191235]
 [0.08065975]
 [0.07933814]
 [0.07795344]
 [0.07651142]
 [0.07501812]
 [0.07347999]
 [0.07190327]
 [0.07029397]
 [0.0686586 ]
 [0.06700344]
 [0.06533486]
 [0.06365878]
 [0.06198118]
 [0.06030757]
 [0.05864371]
 [0.05699499]
 [0.05536599]
 [0.05376155]
 [0.05218581]
 [0.0506428 ]
 [0.04913596]
 [0.04766847]
 [0.0462429 ]
 [0.04486169]
 [0.04352654]
 [0.04223917]
 [0.0410005 ]
 [0.03981132]
 [0.03867189]
 [0.03758256]]",0.041740645
17,0.0005,8,70,Swish,"[[ 7.75816850e-04]
 [ 8.18948261e-04]
 [ 8.52989964e-04]
 [ 8.78485851e-04]
 [ 8.95719044e-04]
 [ 9.04711895e-04]
 [ 9.05889086e-04]
 [ 8.99332576e-04]
 [ 8.85429792e-04]
 [ 8.64650123e-04]
 [ 8.37030821e-04]
 [ 8.03018920e-04]
 [ 7.62949698e-04]
 [ 7.17091374e-04]
 [ 6.65771775e-04]
 [ 6.09281473e-04]
 [ 5.47992997e-04]
 [ 4.82442789e-04]
 [ 4.12735157e-04]
 [ 3.39391641e-04]
 [ 2.62605958e-04]
 [ 1.82854943e-04]
 [ 1.00466423e-04]
 [ 1.59321353e-05]
 [-7.01518729e-05]
 [-1.57725997e-04]
 [-2.45851465e-04]
 [-3.34260054e-04]
 [-4.22012992e-04]
 [-5.08618541e-04]
 [-5.92854805e-04]
 [-6.73887320e-04]
 [-7.50509091e-04]
 [-8.21021385e-04]
 [-8.83919187e-04]
 [-9.37235542e-04]
 [-9.78705473e-04]
 [-1.00545306e-03]
 [-1.01445336e-03]
 [-1.00207049e-03]
 [-9.64176841e-04]
 [-8.95944424e-04]
 [-7.91830011e-04]
 [-6.45441003e-04]
 [-4.49535437e-04]
 [-1.95649453e-04]
 [ 1.25992112e-04]
 [ 5.26565127e-04]
 [ 1.01906341e-03]
 [ 1.61879044e-03]
 [ 2.34349351e-03]
 [ 3.21427267e-03]
 [ 4.25601285e-03]
 [ 5.49814384e-03]
 [ 6.97620492e-03]
 [ 8.73208325e-03]
 [ 1.08163981e-02]
 [ 1.32891713e-02]
 [ 1.62222721e-02]
 [ 1.97006501e-02]
 [ 2.38243975e-02]
 [ 2.87105031e-02]
 [ 3.44943888e-02]
 [ 4.13305350e-02]
 [ 4.93925400e-02]
 [ 5.88728078e-02]
 [ 6.99798912e-02]
 [ 8.29346552e-02]
 [ 9.79646593e-02]
 [ 1.15296394e-01]
 [ 1.35146633e-01]
 [ 1.57710269e-01]
 [ 1.83146760e-01]
 [ 2.11571291e-01]
 [ 2.43037060e-01]
 [ 2.77528554e-01]
 [ 3.14947218e-01]
 [ 3.55110317e-01]
 [ 3.97744775e-01]
 [ 4.42489862e-01]
 [ 4.88902390e-01]
 [ 5.36465883e-01]
 [ 5.84604025e-01]
 [ 6.32695973e-01]
 [ 6.80086195e-01]
 [ 7.26114750e-01]
 [ 7.70120025e-01]
 [ 8.11461031e-01]
 [ 8.49534333e-01]
 [ 8.83782744e-01]
 [ 9.13704932e-01]
 [ 9.38870549e-01]
 [ 9.58913565e-01]
 [ 9.73556161e-01]
 [ 9.82594371e-01]
 [ 9.85912800e-01]
 [ 9.83477890e-01]
 [ 9.75339055e-01]
 [ 9.61631060e-01]
 [ 9.42566156e-01]
 [ 9.18431222e-01]
 [ 8.89591694e-01]
 [ 8.56467545e-01]
 [ 8.19546580e-01]
 [ 7.79362619e-01]
 [ 7.36493826e-01]
 [ 6.91539347e-01]
 [ 6.45123363e-01]
 [ 5.97868383e-01]
 [ 5.50387263e-01]
 [ 5.03270149e-01]
 [ 4.57067281e-01]
 [ 4.12277877e-01]
 [ 3.69337052e-01]
 [ 3.28613311e-01]
 [ 2.90394694e-01]
 [ 2.54892468e-01]
 [ 2.22239673e-01]
 [ 1.92492709e-01]
 [ 1.65640429e-01]
 [ 1.41614154e-01]
 [ 1.20293602e-01]
 [ 1.01522237e-01]
 [ 8.51136297e-02]
 [ 7.08667189e-02]
 [ 5.85712232e-02]
 [ 4.80182059e-02]
 [ 3.90048511e-02]]",0.00015682181
18,0.0005,8,60,sin,"[[-4.61316667e-04]
 [-4.68707643e-04]
 [-4.54640947e-04]
 [-4.18997370e-04]
 [-3.62730585e-04]
 [-2.85661779e-04]
 [-1.88088976e-04]
 [-7.04890117e-05]
 [ 6.60652295e-05]
 [ 2.20739283e-04]
 [ 3.92281450e-04]
 [ 5.79201616e-04]
 [ 7.79711641e-04]
 [ 9.91904177e-04]
 [ 1.21369306e-03]
 [ 1.44269411e-03]
 [ 1.67622510e-03]
 [ 1.91088859e-03]
 [ 2.14507524e-03]
 [ 2.37473194e-03]
 [ 2.59717647e-03]
 [ 2.80901138e-03]
 [ 3.00713722e-03]
 [ 3.18857376e-03]
 [ 3.35040037e-03]
 [ 3.48963682e-03]
 [ 3.60383932e-03]
 [ 3.69044486e-03]
 [ 3.74748651e-03]
 [ 3.77353374e-03]
 [ 3.76650039e-03]
 [ 3.72674409e-03]
 [ 3.65319196e-03]
 [ 3.54632083e-03]
 [ 3.40708438e-03]
 [ 3.23721115e-03]
 [ 3.03884689e-03]
 [ 2.81521026e-03]
 [ 2.57071201e-03]
 [ 2.30988208e-03]
 [ 2.03945581e-03]
 [ 1.76664535e-03]
 [ 1.49979535e-03]
 [ 1.24957506e-03]
 [ 1.02772657e-03]
 [ 8.47958960e-04]
 [ 7.26127066e-04]
 [ 6.80410303e-04]
 [ 7.31551088e-04]
 [ 9.04046930e-04]
 [ 1.22549478e-03]
 [ 1.72694866e-03]
 [ 2.44470779e-03]
 [ 3.42007820e-03]
 [ 4.69967071e-03]
 [ 6.33695070e-03]
 [ 8.39289371e-03]
 [ 1.09356875e-02]
 [ 1.40426988e-02]
 [ 1.78008899e-02]
 [ 2.23070607e-02]
 [ 2.76690945e-02]
 [ 3.40051278e-02]
 [ 4.14463207e-02]
 [ 5.01329526e-02]
 [ 6.02167472e-02]
 [ 7.18576834e-02]
 [ 8.52237567e-02]
 [ 1.00486897e-01]
 [ 1.17819004e-01]
 [ 1.37389570e-01]
 [ 1.59356624e-01]
 [ 1.83862507e-01]
 [ 2.11026043e-01]
 [ 2.40931362e-01]
 [ 2.73621410e-01]
 [ 3.09088260e-01]
 [ 3.47262293e-01]
 [ 3.88006300e-01]
 [ 4.31104869e-01]
 [ 4.76262391e-01]
 [ 5.23100197e-01]
 [ 5.71155787e-01]
 [ 6.19887352e-01]
 [ 6.68680131e-01]
 [ 7.16859162e-01]
 [ 7.63703406e-01]
 [ 8.08461845e-01]
 [ 8.50374997e-01]
 [ 8.88694108e-01]
 [ 9.22705114e-01]
 [ 9.51749027e-01]
 [ 9.75244820e-01]
 [ 9.92706954e-01]
 [ 1.00376296e+00]
 [ 1.00816584e+00]
 [ 1.00580573e+00]
 [ 9.96714413e-01]
 [ 9.81063306e-01]
 [ 9.59161937e-01]
 [ 9.31448400e-01]
 [ 8.98472130e-01]
 [ 8.60878825e-01]
 [ 8.19385588e-01]
 [ 7.74759948e-01]
 [ 7.27791488e-01]
 [ 6.79267704e-01]
 [ 6.29950702e-01]
 [ 5.80558300e-01]
 [ 5.31740844e-01]
 [ 4.84075099e-01]
 [ 4.38050956e-01]
 [ 3.94069254e-01]
 [ 3.52440447e-01]
 [ 3.13390315e-01]
 [ 2.77062535e-01]
 [ 2.43530482e-01]
 [ 2.12803677e-01]
 [ 1.84839889e-01]
 [ 1.59553185e-01]
 [ 1.36825606e-01]
 [ 1.16514109e-01]
 [ 9.84596834e-02]
 [ 8.24938342e-02]
 [ 6.84432760e-02]
 [ 5.61359152e-02]
 [ 4.54024896e-02]
 [ 3.60824391e-02]]",0.00024830145
19,0.0005,8,60,ReLU,"[[0.04163958]
 [0.04196828]
 [0.04226681]
 [0.04245989]
 [0.04269822]
 [0.04301014]
 [0.04332212]
 [0.04363411]
 [0.04394598]
 [0.04425795]
 [0.04456992]
 [0.04488184]
 [0.04519381]
 [0.04548638]
 [0.04582636]
 [0.04639494]
 [0.04696357]
 [0.04753218]
 [0.04810073]
 [0.04866929]
 [0.04923789]
 [0.04985631]
 [0.05047562]
 [0.05109479]
 [0.05168744]
 [0.0522555 ]
 [0.05282372]
 [0.05339179]
 [0.0538549 ]
 [0.05407881]
 [0.05413123]
 [0.05400189]
 [0.0538249 ]
 [0.05359671]
 [0.05336388]
 [0.0531013 ]
 [0.05283853]
 [0.05257588]
 [0.05231325]
 [0.05205049]
 [0.05178794]
 [0.05152515]
 [0.05133238]
 [0.05114677]
 [0.0509613 ]
 [0.05077576]
 [0.05059021]
 [0.05040473]
 [0.0502192 ]
 [0.05005878]
 [0.04989976]
 [0.04974069]
 [0.04958174]
 [0.04942267]
 [0.04926366]
 [0.04906875]
 [0.04887175]
 [0.0486747 ]
 [0.0484778 ]
 [0.04828088]
 [0.04808386]
 [0.04788876]
 [0.04773725]
 [0.04759098]
 [0.04744476]
 [0.04729849]
 [0.04715229]
 [0.04699107]
 [0.04682732]
 [0.0466635 ]
 [0.04649973]
 [0.04633588]
 [0.04617406]
 [0.04602313]
 [0.04587238]
 [0.0457214 ]
 [0.04565119]
 [0.04559696]
 [0.04562565]
 [0.04560744]
 [0.04559137]
 [0.04557516]
 [0.04555883]
 [0.04554271]
 [0.04552642]
 [0.04551031]
 [0.04549403]
 [0.04547783]
 [0.04546165]
 [0.04544536]
 [0.04542927]
 [0.04541295]
 [0.04539685]
 [0.04538054]
 [0.04536433]
 [0.04534809]
 [0.04533184]
 [0.0453156 ]
 [0.0452994 ]
 [0.04528182]
 [0.04521672]
 [0.04515161]
 [0.0450863 ]
 [0.04502127]
 [0.04496588]
 [0.04491982]
 [0.04487379]
 [0.04482762]
 [0.04478166]
 [0.0447356 ]
 [0.0446895 ]
 [0.04476821]
 [0.04487813]
 [0.04498798]
 [0.04508837]
 [0.04518196]
 [0.04527558]
 [0.04536912]
 [0.04546284]
 [0.04552491]
 [0.04555272]
 [0.04538291]
 [0.04519932]
 [0.04501568]
 [0.04483206]
 [0.04464128]
 [0.04441612]
 [0.0439743 ]]",0.21711352
20,0.001,5,30,sigmoid,"[[-4.53184918e-03]
 [-4.71860543e-03]
 [-4.91117314e-03]
 [-5.10970131e-03]
 [-5.31411543e-03]
 [-5.52401319e-03]
 [-5.73936477e-03]
 [-5.95993176e-03]
 [-6.18526712e-03]
 [-6.41534105e-03]
 [-6.64946809e-03]
 [-6.88694790e-03]
 [-7.12727383e-03]
 [-7.36974552e-03]
 [-7.61343911e-03]
 [-7.85710290e-03]
 [-8.09975341e-03]
 [-8.33990052e-03]
 [-8.57575610e-03]
 [-8.80574062e-03]
 [-9.02766362e-03]
 [-9.23912600e-03]
 [-9.43744555e-03]
 [-9.61962715e-03]
 [-9.78199020e-03]
 [-9.92092863e-03]
 [-1.00322254e-02]
 [-1.01109184e-02]
 [-1.01515390e-02]
 [-1.01483352e-02]
 [-1.00945123e-02]
 [-9.98269394e-03]
 [-9.80484858e-03]
 [-9.55181196e-03]
 [-9.21397284e-03]
 [-8.77991691e-03]
 [-8.23809579e-03]
 [-7.57515803e-03]
 [-6.77639619e-03]
 [-5.82631305e-03]
 [-4.70808521e-03]
 [-3.40213254e-03]
 [-1.88887492e-03]
 [-1.45483762e-04]
 [ 1.85158476e-03]
 [ 4.12842259e-03]
 [ 6.71292469e-03]
 [ 9.63526592e-03]
 [ 1.29277967e-02]
 [ 1.66250132e-02]
 [ 2.07636319e-02]
 [ 2.53825448e-02]
 [ 3.05225961e-02]
 [ 3.62266265e-02]
 [ 4.25389521e-02]
 [ 4.95044999e-02]
 [ 5.71681969e-02]
 [ 6.55751526e-02]
 [ 7.47684538e-02]
 [ 8.47868919e-02]
 [ 9.56669897e-02]
 [ 1.07436359e-01]
 [ 1.20115355e-01]
 [ 1.33713692e-01]
 [ 1.48229554e-01]
 [ 1.63645536e-01]
 [ 1.79929689e-01]
 [ 1.97029918e-01]
 [ 2.14882120e-01]
 [ 2.33398959e-01]
 [ 2.52482057e-01]
 [ 2.72013783e-01]
 [ 2.91864991e-01]
 [ 3.11898708e-01]
 [ 3.31968248e-01]
 [ 3.51926446e-01]
 [ 3.71623397e-01]
 [ 3.90914559e-01]
 [ 4.09659922e-01]
 [ 4.27727163e-01]
 [ 4.44995284e-01]
 [ 4.61351991e-01]
 [ 4.76698637e-01]
 [ 4.90942895e-01]
 [ 5.04006684e-01]
 [ 5.15826046e-01]
 [ 5.26336610e-01]
 [ 5.35489202e-01]
 [ 5.43242931e-01]
 [ 5.49556017e-01]
 [ 5.54401577e-01]
 [ 5.57751417e-01]
 [ 5.59581637e-01]
 [ 5.59872687e-01]
 [ 5.58611512e-01]
 [ 5.55783629e-01]
 [ 5.51381588e-01]
 [ 5.45407414e-01]
 [ 5.37860036e-01]
 [ 5.28750062e-01]
 [ 5.18093646e-01]
 [ 5.05921721e-01]
 [ 4.92274404e-01]
 [ 4.77202415e-01]
 [ 4.60776448e-01]
 [ 4.43086624e-01]
 [ 4.24233645e-01]
 [ 4.04344738e-01]
 [ 3.83564621e-01]
 [ 3.62057149e-01]
 [ 3.39997947e-01]
 [ 3.17580879e-01]
 [ 2.95009553e-01]
 [ 2.72483468e-01]
 [ 2.50203639e-01]
 [ 2.28360936e-01]
 [ 2.07134619e-01]
 [ 1.86679378e-01]
 [ 1.67126954e-01]
 [ 1.48584440e-01]
 [ 1.31129026e-01]
 [ 1.14810318e-01]
 [ 9.96553153e-02]
 [ 8.56653005e-02]
 [ 7.28241354e-02]
 [ 6.10983036e-02]
 [ 5.04433475e-02]
 [ 4.08039354e-02]]",0.010648044
21,0.001,5,40,sigmoid,"[[-0.00393147]
 [-0.00392521]
 [-0.00393439]
 [-0.0039596 ]
 [-0.00400043]
 [-0.00405646]
 [-0.00412691]
 [-0.00421114]
 [-0.00430781]
 [-0.00441498]
 [-0.00453074]
 [-0.00465281]
 [-0.00477809]
 [-0.00490315]
 [-0.00502426]
 [-0.00513662]
 [-0.00523508]
 [-0.00531394]
 [-0.00536657]
 [-0.00538606]
 [-0.00536389]
 [-0.00529183]
 [-0.00516016]
 [-0.00495846]
 [-0.00467581]
 [-0.00430024]
 [-0.00381906]
 [-0.00321908]
 [-0.00248606]
 [-0.00160552]
 [-0.00056268]
 [ 0.00065821]
 [ 0.00207316]
 [ 0.00369721]
 [ 0.00554686]
 [ 0.00763731]
 [ 0.00998395]
 [ 0.01260113]
 [ 0.01550262]
 [ 0.01870131]
 [ 0.02220749]
 [ 0.02603238]
 [ 0.03018247]
 [ 0.03466492]
 [ 0.03948217]
 [ 0.04463648]
 [ 0.05012595]
 [ 0.05594664]
 [ 0.06209265]
 [ 0.06855255]
 [ 0.07531445]
 [ 0.08236223]
 [ 0.08967774]
 [ 0.09723978]
 [ 0.1050232 ]
 [ 0.11300199]
 [ 0.12114852]
 [ 0.12943029]
 [ 0.13781512]
 [ 0.1462692 ]
 [ 0.1547575 ]
 [ 0.1632424 ]
 [ 0.17168963]
 [ 0.18006104]
 [ 0.18832129]
 [ 0.19643277]
 [ 0.20436174]
 [ 0.21207291]
 [ 0.21953338]
 [ 0.22671294]
 [ 0.23358005]
 [ 0.24010843]
 [ 0.24627203]
 [ 0.252047  ]
 [ 0.25741321]
 [ 0.26234955]
 [ 0.2668407 ]
 [ 0.27087164]
 [ 0.27443027]
 [ 0.27750653]
 [ 0.2800923 ]
 [ 0.28218329]
 [ 0.28377509]
 [ 0.28486639]
 [ 0.28545678]
 [ 0.28554839]
 [ 0.28514487]
 [ 0.28425282]
 [ 0.28287655]
 [ 0.28102624]
 [ 0.27870923]
 [ 0.27593869]
 [ 0.27272397]
 [ 0.26907867]
 [ 0.26501596]
 [ 0.26055211]
 [ 0.25569952]
 [ 0.25047833]
 [ 0.24490446]
 [ 0.2389943 ]
 [ 0.23276961]
 [ 0.22624713]
 [ 0.21945059]
 [ 0.21239942]
 [ 0.20511568]
 [ 0.19762421]
 [ 0.18994713]
 [ 0.18210959]
 [ 0.17413747]
 [ 0.16605651]
 [ 0.15789324]
 [ 0.14967507]
 [ 0.14142919]
 [ 0.13318425]
 [ 0.12496697]
 [ 0.11680656]
 [ 0.10873079]
 [ 0.10076594]
 [ 0.09293979]
 [ 0.08527773]
 [ 0.07780438]
 [ 0.07054328]
 [ 0.06351655]
 [ 0.05674421]
 [ 0.05024331]
 [ 0.04403096]
 [ 0.03812086]
 [ 0.03252345]]",0.029969446
22,0.005,4,50,sin,"[[2.66432762e-04]
 [3.62277031e-04]
 [4.48800623e-04]
 [5.25787473e-04]
 [5.92723489e-04]
 [6.49817288e-04]
 [6.96860254e-04]
 [7.33889639e-04]
 [7.61099160e-04]
 [7.78794289e-04]
 [7.87451863e-04]
 [7.87578523e-04]
 [7.79800117e-04]
 [7.64660537e-04]
 [7.43024051e-04]
 [7.15635717e-04]
 [6.83479011e-04]
 [6.47209585e-04]
 [6.07974827e-04]
 [5.66922128e-04]
 [5.24677336e-04]
 [4.82477248e-04]
 [4.41245735e-04]
 [4.01981175e-04]
 [3.65696847e-04]
 [3.33301723e-04]
 [3.05764377e-04]
 [2.83814967e-04]
 [2.68451869e-04]
 [2.60315835e-04]
 [2.60196626e-04]
 [2.68511474e-04]
 [2.86079943e-04]
 [3.13334167e-04]
 [3.50706279e-04]
 [3.98628414e-04]
 [4.57681715e-04]
 [5.28104603e-04]
 [6.10791147e-04]
 [7.06367195e-04]
 [8.15935433e-04]
 [9.41030681e-04]
 [1.08375400e-03]
 [1.24680251e-03]
 [1.43427402e-03]
 [1.65139884e-03]
 [1.90489739e-03]
 [2.20423937e-03]
 [2.56114453e-03]
 [2.99087167e-03]
 [3.51310521e-03]
 [4.15199995e-03]
 [4.93770838e-03]
 [5.90816885e-03]
 [7.10868835e-03]
 [8.59443471e-03]
 [1.04313195e-02]
 [1.26974992e-02]
 [1.54842697e-02]
 [1.88971050e-02]
 [2.30568070e-02]
 [2.80994028e-02]
 [3.41763608e-02]
 [4.14530113e-02]
 [5.01079336e-02]
 [6.03288300e-02]
 [7.23098963e-02]
 [8.62464458e-02]
 [1.02328800e-01]
 [1.20735563e-01]
 [1.41625553e-01]
 [1.65128678e-01]
 [1.91338927e-01]
 [2.20304042e-01]
 [2.52018809e-01]
 [2.86418319e-01]
 [3.23372483e-01]
 [3.62683594e-01]
 [4.04085338e-01]
 [4.47244465e-01]
 [4.91765022e-01]
 [5.37194371e-01]
 [5.83031774e-01]
 [6.28738999e-01]
 [6.73748434e-01]
 [7.17479646e-01]
 [7.59346545e-01]
 [7.98772693e-01]
 [8.35200012e-01]
 [8.68102014e-01]
 [8.96990418e-01]
 [9.21427310e-01]
 [9.41031635e-01]
 [9.55486000e-01]
 [9.64543998e-01]
 [9.68036294e-01]
 [9.65874612e-01]
 [9.58056688e-01]
 [9.44669425e-01]
 [9.25889373e-01]
 [9.01984215e-01]
 [8.73308957e-01]
 [8.40301573e-01]
 [8.03472698e-01]
 [7.63397634e-01]
 [7.20698357e-01]
 [6.76029444e-01]
 [6.30057693e-01]
 [5.83442628e-01]
 [5.36818504e-01]
 [4.90775287e-01]
 [4.45845217e-01]
 [4.02489692e-01]
 [3.61092478e-01]
 [3.21956396e-01]
 [2.85302877e-01]
 [2.51277566e-01]
 [2.19954818e-01]
 [1.91346943e-01]
 [1.65414423e-01]
 [1.42075717e-01]
 [1.21216975e-01]
 [1.02700762e-01]
 [8.63751397e-02]
 [7.20798299e-02]
 [5.96517846e-02]
 [4.89301905e-02]
 [3.97588536e-02]]",0.00025884222
23,0.01,6,30,tanh,"[[-2.10444629e-03]
 [-2.10611522e-03]
 [-2.10760534e-03]
 [-2.10873783e-03]
 [-2.10963190e-03]
 [-2.11028755e-03]
 [-2.11070478e-03]
 [-2.11100280e-03]
 [-2.11094320e-03]
 [-2.11064517e-03]
 [-2.11022794e-03]
 [-2.10957229e-03]
 [-2.10867822e-03]
 [-2.10790336e-03]
 [-2.10677087e-03]
 [-2.10551918e-03]
 [-2.10414827e-03]
 [-2.10259855e-03]
 [-2.10075080e-03]
 [-2.09860504e-03]
 [-2.09622085e-03]
 [-2.09341943e-03]
 [-2.09020078e-03]
 [-2.08626688e-03]
 [-2.08155811e-03]
 [-2.07601488e-03]
 [-2.06933916e-03]
 [-2.06129253e-03]
 [-2.05157697e-03]
 [-2.03977525e-03]
 [-2.02558935e-03]
 [-2.00842321e-03]
 [-1.98780000e-03]
 [-1.96294487e-03]
 [-1.93338096e-03]
 [-1.89779699e-03]
 [-1.85523927e-03]
 [-1.80433691e-03]
 [-1.74377859e-03]
 [-1.67141855e-03]
 [-1.58511102e-03]
 [-1.48229301e-03]
 [-1.35968626e-03]
 [-1.21347606e-03]
 [-1.03889406e-03]
 [-8.30635428e-04]
 [-5.81845641e-04]
 [-2.84239650e-04]
 [ 7.20769167e-05]
 [ 4.99442220e-04]
 [ 1.01257861e-03]
 [ 1.62954628e-03]
 [ 2.37275660e-03]
 [ 3.26921046e-03]
 [ 4.35252488e-03]
 [ 5.66388667e-03]
 [ 7.25401938e-03]
 [ 9.18532908e-03]
 [ 1.15347654e-02]
 [ 1.43967420e-02]
 [ 1.78871900e-02]
 [ 2.21473724e-02]
 [ 2.73472220e-02]
 [ 3.36889178e-02]
 [ 4.14057523e-02]
 [ 5.07570058e-02]
 [ 6.20125681e-02]
 [ 7.54260570e-02]
 [ 9.11952406e-02]
 [ 1.09418884e-01]
 [ 1.30069688e-01]
 [ 1.53002039e-01]
 [ 1.78020433e-01]
 [ 2.04974607e-01]
 [ 2.33852878e-01]
 [ 2.64801681e-01]
 [ 2.98065484e-01]
 [ 3.33849013e-01]
 [ 3.72170389e-01]
 [ 4.12743747e-01]
 [ 4.54941750e-01]
 [ 4.97869313e-01]
 [ 5.40489376e-01]
 [ 5.81779778e-01]
 [ 6.20863199e-01]
 [ 6.57069325e-01]
 [ 6.89953625e-01]
 [ 7.19267726e-01]
 [ 7.44919002e-01]
 [ 7.66922534e-01]
 [ 7.85359740e-01]
 [ 8.00342143e-01]
 [ 8.11986983e-01]
 [ 8.20396066e-01]
 [ 8.25641394e-01]
 [ 8.27760398e-01]
 [ 8.26744616e-01]
 [ 8.22539866e-01]
 [ 8.15052211e-01]
 [ 8.04142714e-01]
 [ 7.89647758e-01]
 [ 7.71392882e-01]
 [ 7.49214709e-01]
 [ 7.23005295e-01]
 [ 6.92747831e-01]
 [ 6.58572018e-01]
 [ 6.20805085e-01]
 [ 5.80004632e-01]
 [ 5.36975086e-01]
 [ 4.92733181e-01]
 [ 4.48427022e-01]
 [ 4.05198812e-01]
 [ 3.64023089e-01]
 [ 3.25562477e-01]
 [ 2.90087104e-01]
 [ 2.57483780e-01]
 [ 2.27377489e-01]
 [ 1.99301377e-01]
 [ 1.72908321e-01]
 [ 1.48108020e-01]
 [ 1.25085488e-01]
 [ 1.04177967e-01]
 [ 8.56948048e-02]
 [ 6.97839409e-02]
 [ 5.63959628e-02]
 [ 4.53270227e-02]
 [ 3.62874418e-02]
 [ 2.89634019e-02]]",0.0022067288
24,0.001,4,70,tanh,"[[ 2.44578719e-03]
 [ 2.43470073e-03]
 [ 2.32157111e-03]
 [ 2.10377574e-03]
 [ 1.77976489e-03]
 [ 1.34620070e-03]
 [ 8.02129507e-04]
 [ 1.45047903e-04]
 [-6.26116991e-04]
 [-1.51351094e-03]
 [-2.51737237e-03]
 [-3.63925099e-03]
 [-4.87950444e-03]
 [-6.23813272e-03]
 [-7.71489739e-03]
 [-9.30956006e-03]
 [-1.10205710e-02]
 [-1.28459036e-02]
 [-1.47836506e-02]
 [-1.68307126e-02]
 [-1.89831555e-02]
 [-2.12363303e-02]
 [-2.35845149e-02]
 [-2.60218680e-02]
 [-2.85399258e-02]
 [-3.11298668e-02]
 [-3.37812006e-02]
 [-3.64820063e-02]
 [-3.92190516e-02]
 [-4.19763625e-02]
 [-4.47365344e-02]
 [-4.74800169e-02]
 [-5.01839221e-02]
 [-5.28236926e-02]
 [-5.53716719e-02]
 [-5.77967465e-02]
 [-6.00652993e-02]
 [-6.21396601e-02]
 [-6.39790595e-02]
 [-6.55393898e-02]
 [-6.67723715e-02]
 [-6.76273406e-02]
 [-6.80489838e-02]
 [-6.79803193e-02]
 [-6.73613846e-02]
 [-6.61305487e-02]
 [-6.42240345e-02]
 [-6.15787804e-02]
 [-5.81318438e-02]
 [-5.38226664e-02]
 [-4.85936701e-02]
 [-4.23914492e-02]
 [-3.51698101e-02]
 [-2.68891156e-02]
 [-1.75194442e-02]
 [-7.04094768e-03]
 [ 4.55424190e-03]
 [ 1.72613561e-02]
 [ 3.10629904e-02]
 [ 4.59276736e-02]
 [ 6.18105233e-02]
 [ 7.86532462e-02]
 [ 9.63853896e-02]
 [ 1.14925116e-01]
 [ 1.34180158e-01]
 [ 1.54049963e-01]
 [ 1.74426228e-01]
 [ 1.95196658e-01]
 [ 2.16244012e-01]
 [ 2.37449855e-01]
 [ 2.58694857e-01]
 [ 2.79860467e-01]
 [ 3.00829798e-01]
 [ 3.21489304e-01]
 [ 3.41727823e-01]
 [ 3.61438900e-01]
 [ 3.80520552e-01]
 [ 3.98874670e-01]
 [ 4.16409105e-01]
 [ 4.33036476e-01]
 [ 4.48674113e-01]
 [ 4.63245243e-01]
 [ 4.76679713e-01]
 [ 4.88911480e-01]
 [ 4.99882489e-01]
 [ 5.09540915e-01]
 [ 5.17841935e-01]
 [ 5.24747729e-01]
 [ 5.30228972e-01]
 [ 5.34263492e-01]
 [ 5.36837935e-01]
 [ 5.37947297e-01]
 [ 5.37595630e-01]
 [ 5.35794735e-01]
 [ 5.32566547e-01]
 [ 5.27940273e-01]
 [ 5.21954656e-01]
 [ 5.14656305e-01]
 [ 5.06100655e-01]
 [ 4.96348947e-01]
 [ 4.85471398e-01]
 [ 4.73543376e-01]
 [ 4.60647345e-01]
 [ 4.46870118e-01]
 [ 4.32302952e-01]
 [ 4.17040437e-01]
 [ 4.01179403e-01]
 [ 3.84818375e-01]
 [ 3.68055731e-01]
 [ 3.50988835e-01]
 [ 3.33713502e-01]
 [ 3.16322237e-01]
 [ 2.98903674e-01]
 [ 2.81541616e-01]
 [ 2.64314502e-01]
 [ 2.47294277e-01]
 [ 2.30547160e-01]
 [ 2.14132220e-01]
 [ 1.98100954e-01]
 [ 1.82499260e-01]
 [ 1.67365104e-01]
 [ 1.52730674e-01]
 [ 1.38621479e-01]
 [ 1.25057369e-01]
 [ 1.12052947e-01]
 [ 9.96174514e-02]
 [ 8.77560675e-02]
 [ 7.64690340e-02]]",0.010348012
25,0.05,7,30,Swish,"[[0.06006878]
 [0.06006878]
 [0.06006878]
 [0.06006878]
 [0.06006878]
 [0.06006878]
 [0.06006878]
 [0.06006878]
 [0.06006878]
 [0.06006878]
 [0.06006878]
 [0.06006878]
 [0.06006878]
 [0.06006878]
 [0.06006878]
 [0.06006878]
 [0.06006878]
 [0.06006878]
 [0.06006878]
 [0.06006878]
 [0.06006878]
 [0.06006878]
 [0.06006878]
 [0.06006878]
 [0.06006878]
 [0.06006878]
 [0.06006878]
 [0.06006878]
 [0.06006878]
 [0.06006878]
 [0.06006878]
 [0.06006878]
 [0.06006878]
 [0.06006878]
 [0.06006878]
 [0.06006878]
 [0.06006878]
 [0.06006878]
 [0.06006878]
 [0.06006878]
 [0.06006878]
 [0.06006878]
 [0.06006878]
 [0.06006878]
 [0.06006878]
 [0.06006878]
 [0.06006878]
 [0.06006878]
 [0.06006878]
 [0.06006878]
 [0.06006878]
 [0.06006878]
 [0.06006878]
 [0.06006878]
 [0.06006878]
 [0.06006878]
 [0.06006878]
 [0.06006878]
 [0.06006878]
 [0.06006878]
 [0.06006878]
 [0.06006878]
 [0.06006878]
 [0.06006878]
 [0.06006878]
 [0.06006878]
 [0.06006878]
 [0.06006878]
 [0.06006878]
 [0.06006878]
 [0.06006878]
 [0.06006878]
 [0.06006878]
 [0.06006878]
 [0.06006878]
 [0.06006878]
 [0.06006878]
 [0.06006878]
 [0.06006878]
 [0.06006878]
 [0.06006878]
 [0.06006878]
 [0.06006878]
 [0.06006878]
 [0.06006878]
 [0.06006878]
 [0.06006878]
 [0.06006878]
 [0.06006878]
 [0.06006878]
 [0.06006878]
 [0.06006878]
 [0.06006878]
 [0.06006878]
 [0.06006878]
 [0.06006878]
 [0.06006878]
 [0.06006878]
 [0.06006878]
 [0.06006878]
 [0.06006878]
 [0.06006878]
 [0.06006878]
 [0.06006878]
 [0.06006878]
 [0.06006878]
 [0.06006878]
 [0.06006878]
 [0.06006878]
 [0.06006878]
 [0.06006878]
 [0.06006878]
 [0.06006878]
 [0.06006878]
 [0.06006878]
 [0.06006878]
 [0.06006878]
 [0.06006878]
 [0.06006878]
 [0.06006878]
 [0.06006878]
 [0.06006878]
 [0.06006878]
 [0.06006878]
 [0.06006878]
 [0.06006878]
 [0.06006878]
 [0.06006878]]",0.2767811
26,0.05,3,40,sigmoid,"[[0.00831363]
 [0.00841217]
 [0.00851141]
 [0.00861096]
 [0.00871108]
 [0.0088117 ]
 [0.00891274]
 [0.00901426]
 [0.00911631]
 [0.00921908]
 [0.00932261]
 [0.00942744]
 [0.0095336 ]
 [0.00964148]
 [0.00975153]
 [0.00986432]
 [0.00998019]
 [0.01010011]
 [0.01022437]
 [0.01035385]
 [0.01048955]
 [0.01063247]
 [0.01078373]
 [0.01094456]
 [0.01111625]
 [0.01130089]
 [0.01149984]
 [0.01171543]
 [0.01194975]
 [0.01220553]
 [0.01248577]
 [0.0127937 ]
 [0.01313297]
 [0.01350813]
 [0.01392369]
 [0.01438528]
 [0.01489894]
 [0.01547158]
 [0.01611131]
 [0.01682685]
 [0.01762845]
 [0.01852742]
 [0.01953675]
 [0.02067108]
 [0.0219467 ]
 [0.02338226]
 [0.02499807]
 [0.02681752]
 [0.02886586]
 [0.03117132]
 [0.03376432]
 [0.03667872]
 [0.03994918]
 [0.04361367]
 [0.04771127]
 [0.05228126]
 [0.05736327]
 [0.0629946 ]
 [0.06920995]
 [0.07603821]
 [0.08350205]
 [0.09161444]
 [0.10037713]
 [0.10977902]
 [0.11979397]
 [0.13038045]
 [0.14148131]
 [0.15302335]
 [0.16491933]
 [0.17707086]
 [0.18937062]
 [0.20170431]
 [0.2139575 ]
 [0.22601615]
 [0.23777084]
 [0.24912019]
 [0.25997245]
 [0.27024591]
 [0.27987123]
 [0.28878987]
 [0.29695415]
 [0.30432737]
 [0.31088078]
 [0.31659341]
 [0.32145143]
 [0.32544458]
 [0.32856703]
 [0.33081532]
 [0.33218843]
 [0.33268499]
 [0.33230668]
 [0.33105361]
 [0.32892746]
 [0.3259303 ]
 [0.32206589]
 [0.31733924]
 [0.31175828]
 [0.30533528]
 [0.29808676]
 [0.29003525]
 [0.28121144]
 [0.27165437]
 [0.26141381]
 [0.25055009]
 [0.23913442]
 [0.2272508 ]
 [0.21499364]
 [0.20246737]
 [0.18978409]
 [0.17706107]
 [0.16441719]
 [0.1519693 ]
 [0.13982888]
 [0.12809785]
 [0.11686525]
 [0.10620515]
 [0.09617481]
 [0.08681464]
 [0.07814731]
 [0.07018001]
 [0.06290586]
 [0.05630562]
 [0.05035126]
 [0.04500715]
 [0.04023266]
 [0.03598486]
 [0.03221898]
 [0.02889088]]",0.027416531
27,0.001,8,30,Swish,"[[ 4.96417284e-04]
 [ 4.59983945e-04]
 [ 4.21315432e-04]
 [ 3.80568206e-04]
 [ 3.38010490e-04]
 [ 2.93642282e-04]
 [ 2.47485936e-04]
 [ 1.99943781e-04]
 [ 1.50829554e-04]
 [ 1.00605190e-04]
 [ 4.93004918e-05]
 [-2.82377005e-06]
 [-5.55142760e-05]
 [-1.08532608e-04]
 [-1.61491334e-04]
 [-2.14032829e-04]
 [-2.65814364e-04]
 [-3.16284597e-04]
 [-3.64899635e-04]
 [-4.11175191e-04]
 [-4.54373658e-04]
 [-4.93831933e-04]
 [-5.28715551e-04]
 [-5.58301806e-04]
 [-5.81614673e-04]
 [-5.97760081e-04]
 [-6.05590641e-04]
 [-6.04078174e-04]
 [-5.91970980e-04]
 [-5.68345189e-04]
 [-5.31733036e-04]
 [-4.80890274e-04]
 [-4.14498150e-04]
 [-3.31334770e-04]
 [-2.29895115e-04]
 [-1.08998269e-04]
 [ 3.29129398e-05]
 [ 1.97056681e-04]
 [ 3.84945422e-04]
 [ 5.97756356e-04]
 [ 8.37221742e-04]
 [ 1.10453740e-03]
 [ 1.40156224e-03]
 [ 1.73006207e-03]
 [ 2.09226459e-03]
 [ 2.49081850e-03]
 [ 2.92915851e-03]
 [ 3.41161340e-03]
 [ 3.94403934e-03]
 [ 4.53411043e-03]
 [ 5.19200414e-03]
 [ 5.93097508e-03]
 [ 6.76883012e-03]
 [ 7.72844255e-03]
 [ 8.83960724e-03]
 [ 1.01402029e-02]
 [ 1.16785988e-02]
 [ 1.35150477e-02]
 [ 1.57244727e-02]
 [ 1.83982104e-02]
 [ 2.16467455e-02]
 [ 2.56015807e-02]
 [ 3.04166526e-02]
 [ 3.62691283e-02]
 [ 4.33600247e-02]
 [ 5.19108698e-02]
 [ 6.21622428e-02]
 [ 7.43673518e-02]
 [ 8.87824968e-02]
 [ 1.05662309e-01]
 [ 1.25240326e-01]
 [ 1.47721112e-01]
 [ 1.73265040e-01]
 [ 2.01968759e-01]
 [ 2.33859956e-01]
 [ 2.68879592e-01]
 [ 3.06877345e-01]
 [ 3.47609133e-01]
 [ 3.90735477e-01]
 [ 4.35830176e-01]
 [ 4.82390791e-01]
 [ 5.29845595e-01]
 [ 5.77578425e-01]
 [ 6.24946654e-01]
 [ 6.71283841e-01]
 [ 7.15937138e-01]
 [ 7.58274555e-01]
 [ 7.97694802e-01]
 [ 8.33644629e-01]
 [ 8.65623891e-01]
 [ 8.93197656e-01]
 [ 9.16008294e-01]
 [ 9.33749199e-01]
 [ 9.46214437e-01]
 [ 9.53252196e-01]
 [ 9.54801440e-01]
 [ 9.50862467e-01]
 [ 9.41527009e-01]
 [ 9.26945388e-01]
 [ 9.07337427e-01]
 [ 8.83002281e-01]
 [ 8.54294181e-01]
 [ 8.21620643e-01]
 [ 7.85449207e-01]
 [ 7.46289372e-01]
 [ 7.04687357e-01]
 [ 6.61209643e-01]
 [ 6.16440415e-01]
 [ 5.70971131e-01]
 [ 5.25370419e-01]
 [ 4.80192930e-01]
 [ 4.35948759e-01]
 [ 3.93102229e-01]
 [ 3.52055758e-01]
 [ 3.13146561e-01]
 [ 2.76644170e-01]
 [ 2.42740542e-01]
 [ 2.11555302e-01]
 [ 1.83143079e-01]
 [ 1.57496303e-01]
 [ 1.34552181e-01]
 [ 1.14205219e-01]
 [ 9.63148549e-02]
 [ 8.07140842e-02]
 [ 6.72211424e-02]
 [ 5.56438938e-02]
 [ 4.57889363e-02]
 [ 3.74673381e-02]]",0.00031064462
28,0.001,8,60,sigmoid,"[[0.01637372]
 [0.01640303]
 [0.01643939]
 [0.01648298]
 [0.01653399]
 [0.01659257]
 [0.01665927]
 [0.0167343 ]
 [0.01681794]
 [0.01691061]
 [0.01701266]
 [0.01712453]
 [0.0172466 ]
 [0.01737946]
 [0.01752372]
 [0.0176797 ]
 [0.01784808]
 [0.0180297 ]
 [0.01822504]
 [0.01843483]
 [0.0186601 ]
 [0.01890142]
 [0.01915979]
 [0.01943626]
 [0.01973151]
 [0.02004697]
 [0.02038359]
 [0.02074263]
 [0.0211253 ]
 [0.02153283]
 [0.02196679]
 [0.02242845]
 [0.0229193 ]
 [0.02344097]
 [0.02399538]
 [0.02458396]
 [0.02520861]
 [0.02587144]
 [0.02657451]
 [0.02732018]
 [0.02811103]
 [0.02894957]
 [0.02983937]
 [0.03078385]
 [0.03178721]
 [0.03285439]
 [0.03399102]
 [0.03520364]
 [0.03650017]
 [0.03788928]
 [0.03938113]
 [0.04098718]
 [0.04271968]
 [0.04459176]
 [0.04661687]
 [0.0488084 ]
 [0.05117841]
 [0.05373729]
 [0.05649326]
 [0.05945045]
 [0.06260887]
 [0.06596429]
 [0.0695071 ]
 [0.07322237]
 [0.07709023]
 [0.08108656]
 [0.08518217]
 [0.08934546]
 [0.09354136]
 [0.09773338]
 [0.10188463]
 [0.10595697]
 [0.10991379]
 [0.11372001]
 [0.11734208]
 [0.12074949]
 [0.12391418]
 [0.12681171]
 [0.12942073]
 [0.13172421]
 [0.13370579]
 [0.13535696]
 [0.13666809]
 [0.13763508]
 [0.13825622]
 [0.13853297]
 [0.13846743]
 [0.13806698]
 [0.13733763]
 [0.13629076]
 [0.13493609]
 [0.13328776]
 [0.13136001]
 [0.12916788]
 [0.12672898]
 [0.1240605 ]
 [0.12118249]
 [0.11811338]
 [0.11487482]
 [0.11148841]
 [0.10797592]
 [0.10436019]
 [0.10066523]
 [0.09691436]
 [0.09313109]
 [0.08933984]
 [0.08556417]
 [0.08182612]
 [0.07814898]
 [0.07455204]
 [0.07105499]
 [0.06767408]
 [0.06442343]
 [0.06131374]
 [0.05835296]
 [0.05554572]
 [0.0528926 ]
 [0.05039231]
 [0.04803953]
 [0.0458279 ]
 [0.04374865]
 [0.04179241]
 [0.03994939]
 [0.03821009]
 [0.03656559]
 [0.03500785]
 [0.0335299 ]
 [0.03212599]]",0.03616297
29,0.001,3,60,sigmoid,"[[-0.03799101]
 [-0.03752904]
 [-0.03702231]
 [-0.03646708]
 [-0.03585785]
 [-0.03519003]
 [-0.03445884]
 [-0.03365852]
 [-0.03278497]
 [-0.03183381]
 [-0.03079929]
 [-0.02967736]
 [-0.02846289]
 [-0.02715162]
 [-0.02573924]
 [-0.02422145]
 [-0.02259418]
 [-0.02085434]
 [-0.01899765]
 [-0.01702141]
 [-0.01492307]
 [-0.01270023]
 [-0.01035072]
 [-0.00787335]
 [-0.00526728]
 [-0.0025323 ]
 [ 0.00033184]
 [ 0.00332359]
 [ 0.00644249]
 [ 0.00968533]
 [ 0.01305028]
 [ 0.01653373]
 [ 0.02013212]
 [ 0.02384142]
 [ 0.0276557 ]
 [ 0.03157026]
 [ 0.03557887]
 [ 0.03967544]
 [ 0.04385308]
 [ 0.04810489]
 [ 0.05242343]
 [ 0.0568007 ]
 [ 0.06122937]
 [ 0.0657011 ]
 [ 0.0702081 ]
 [ 0.07474213]
 [ 0.07929524]
 [ 0.08385874]
 [ 0.0884245 ]
 [ 0.09298497]
 [ 0.09753162]
 [ 0.1020572 ]
 [ 0.10655265]
 [ 0.11101144]
 [ 0.11542525]
 [ 0.11978698]
 [ 0.12408926]
 [ 0.1283253 ]
 [ 0.13248771]
 [ 0.13656974]
 [ 0.14056487]
 [ 0.14446643]
 [ 0.14826773]
 [ 0.1519632 ]
 [ 0.15554607]
 [ 0.15901157]
 [ 0.16235305]
 [ 0.16556436]
 [ 0.16864133]
 [ 0.17157824]
 [ 0.17437001]
 [ 0.17701182]
 [ 0.17949876]
 [ 0.18182644]
 [ 0.18399066]
 [ 0.1859875 ]
 [ 0.18781319]
 [ 0.18946323]
 [ 0.19093618]
 [ 0.19222708]
 [ 0.19333443]
 [ 0.1942552 ]
 [ 0.1949876 ]
 [ 0.19552933]
 [ 0.19587928]
 [ 0.19603609]
 [ 0.19599888]
 [ 0.19576719]
 [ 0.19534133]
 [ 0.19472116]
 [ 0.1939075 ]
 [ 0.19290176]
 [ 0.19170466]
 [ 0.19031894]
 [ 0.18874624]
 [ 0.18699011]
 [ 0.1850529 ]
 [ 0.18293819]
 [ 0.18065035]
 [ 0.17819384]
 [ 0.17557335]
 [ 0.17279324]
 [ 0.16985947]
 [ 0.1667785 ]
 [ 0.16355582]
 [ 0.16019821]
 [ 0.15671253]
 [ 0.15310557]
 [ 0.1493846 ]
 [ 0.14555736]
 [ 0.14163177]
 [ 0.13761564]
 [ 0.13351636]
 [ 0.12934259]
 [ 0.12510249]
 [ 0.12080384]
 [ 0.1164552 ]
 [ 0.112064  ]
 [ 0.10763938]
 [ 0.10318878]
 [ 0.09871972]
 [ 0.0942402 ]
 [ 0.08975715]
 [ 0.0852788 ]
 [ 0.08081137]
 [ 0.07636165]
 [ 0.07193678]
 [ 0.06754249]]",0.04363072
30,0.05,8,60,sigmoid,"[[0.06006879]
 [0.06006879]
 [0.06006879]
 [0.06006879]
 [0.06006879]
 [0.06006879]
 [0.06006879]
 [0.06006879]
 [0.06006879]
 [0.06006879]
 [0.06006879]
 [0.06006879]
 [0.06006879]
 [0.06006879]
 [0.06006879]
 [0.06006879]
 [0.06006879]
 [0.06006879]
 [0.06006879]
 [0.06006879]
 [0.06006879]
 [0.06006879]
 [0.06006879]
 [0.06006879]
 [0.06006879]
 [0.06006879]
 [0.06006879]
 [0.06006879]
 [0.06006879]
 [0.06006879]
 [0.06006879]
 [0.06006879]
 [0.06006879]
 [0.06006879]
 [0.06006879]
 [0.06006879]
 [0.06006879]
 [0.06006879]
 [0.06006879]
 [0.06006879]
 [0.06006879]
 [0.06006879]
 [0.06006879]
 [0.06006879]
 [0.06006879]
 [0.06006879]
 [0.06006879]
 [0.06006879]
 [0.06006879]
 [0.06006879]
 [0.06006879]
 [0.06006879]
 [0.06006879]
 [0.06006879]
 [0.06006879]
 [0.06006879]
 [0.06006879]
 [0.06006879]
 [0.06006879]
 [0.06006879]
 [0.06006879]
 [0.06006879]
 [0.06006879]
 [0.06006879]
 [0.06006879]
 [0.06006879]
 [0.06006879]
 [0.06006879]
 [0.06006879]
 [0.06006879]
 [0.06006879]
 [0.06006879]
 [0.06006879]
 [0.06006879]
 [0.06006879]
 [0.06006879]
 [0.06006879]
 [0.06006879]
 [0.06006879]
 [0.06006879]
 [0.06006879]
 [0.06006879]
 [0.06006879]
 [0.06006879]
 [0.06006879]
 [0.06006879]
 [0.06006879]
 [0.06006879]
 [0.06006879]
 [0.06006879]
 [0.06006879]
 [0.06006879]
 [0.06006879]
 [0.06006879]
 [0.06006879]
 [0.06006879]
 [0.06006879]
 [0.06006879]
 [0.06006879]
 [0.06006879]
 [0.06006879]
 [0.06006879]
 [0.06006879]
 [0.06006879]
 [0.06006879]
 [0.06006879]
 [0.06006879]
 [0.06006879]
 [0.06006879]
 [0.06006879]
 [0.06006879]
 [0.06006879]
 [0.06006879]
 [0.06006879]
 [0.06006879]
 [0.06006879]
 [0.06006879]
 [0.06006879]
 [0.06006879]
 [0.06006879]
 [0.06006879]
 [0.06006879]
 [0.06006879]
 [0.06006879]
 [0.06006879]
 [0.06006879]
 [0.06006879]
 [0.06006879]]",0.2767811
31,0.01,8,40,sin,"[[0.00221808]
 [0.00220341]
 [0.0021878 ]
 [0.00217146]
 [0.00215448]
 [0.00213725]
 [0.00211967]
 [0.00210208]
 [0.0020848 ]
 [0.00206781]
 [0.002051  ]
 [0.00203515]
 [0.00202013]
 [0.00200606]
 [0.00199301]
 [0.00198162]
 [0.00197179]
 [0.00196374]
 [0.0019576 ]
 [0.00195379]
 [0.00195254]
 [0.00195379]
 [0.0019579 ]
 [0.00196517]
 [0.00197578]
 [0.00198967]
 [0.00200731]
 [0.00202895]
 [0.00205452]
 [0.00208438]
 [0.00211859]
 [0.00215758]
 [0.00220133]
 [0.0022502 ]
 [0.00230456]
 [0.00236452]
 [0.00243063]
 [0.00250316]
 [0.00258351]
 [0.00267119]
 [0.00276823]
 [0.00287557]
 [0.00299478]
 [0.00312818]
 [0.00327826]
 [0.00344867]
 [0.00364382]
 [0.00386948]
 [0.00413287]
 [0.0044433 ]
 [0.00481261]
 [0.005256  ]
 [0.00579245]
 [0.00644625]
 [0.00724757]
 [0.00823427]
 [0.00945402]
 [0.01096506]
 [0.01283974]
 [0.01516587]
 [0.01805008]
 [0.02161986]
 [0.02602721]
 [0.03144873]
 [0.03808994]
 [0.04618485]
 [0.05599392]
 [0.06780196]
 [0.08191169]
 [0.09863419]
 [0.1182744 ]
 [0.14111286]
 [0.16738325]
 [0.19724625]
 [0.23076582]
 [0.26788199]
 [0.30839509]
 [0.35195673]
 [0.3980729 ]
 [0.44611824]
 [0.49536911]
 [0.54503548]
 [0.59430289]
 [0.64237428]
 [0.68850183]
 [0.73201585]
 [0.77233922]
 [0.80899811]
 [0.84161353]
 [0.86989999]
 [0.89365053]
 [0.91272515]
 [0.92703331]
 [0.93652809]
 [0.94119173]
 [0.94103062]
 [0.93606979]
 [0.92635947]
 [0.91196978]
 [0.8930006 ]
 [0.86959225]
 [0.84192938]
 [0.81025672]
 [0.77488649]
 [0.736206  ]
 [0.69468147]
 [0.65085638]
 [0.6053406 ]
 [0.55879748]
 [0.51191759]
 [0.46539509]
 [0.41989219]
 [0.37601364]
 [0.33427954]
 [0.29510659]
 [0.25879806]
 [0.22554284]
 [0.19541925]
 [0.16841137]
 [0.14442343]
 [0.12329788]
 [0.10483689]
 [0.08881391]
 [0.07499207]
 [0.06313295]
 [0.05300535]
 [0.04439182]
 [0.03709162]]",0.0009870022
32,0.0005,4,30,Swish,"[[-0.0180936 ]
 [-0.01863225]
 [-0.01910017]
 [-0.01950832]
 [-0.01986758]
 [-0.02019103]
 [-0.02049021]
 [-0.02077793]
 [-0.02106754]
 [-0.0213681 ]
 [-0.02169274]
 [-0.02204804]
 [-0.02244137]
 [-0.02287911]
 [-0.02336402]
 [-0.02389668]
 [-0.02447523]
 [-0.0250964 ]
 [-0.02575366]
 [-0.02643953]
 [-0.02714209]
 [-0.02784975]
 [-0.02854894]
 [-0.02922414]
 [-0.0298581 ]
 [-0.03043549]
 [-0.03093876]
 [-0.03135042]
 [-0.0316533 ]
 [-0.03183134]
 [-0.03186814]
 [-0.03174971]
 [-0.03146036]
 [-0.03098692]
 [-0.03031777]
 [-0.02944134]
 [-0.028345  ]
 [-0.0270191 ]
 [-0.0254526 ]
 [-0.02363493]
 [-0.02155577]
 [-0.01920421]
 [-0.01656862]
 [-0.01363795]
 [-0.01039927]
 [-0.00684057]
 [-0.00294827]
 [ 0.0012892 ]
 [ 0.00588615]
 [ 0.0108539 ]
 [ 0.01620437]
 [ 0.02194865]
 [ 0.02809466]
 [ 0.03465103]
 [ 0.04162194]
 [ 0.04900981]
 [ 0.05681439]
 [ 0.06503172]
 [ 0.07365407]
 [ 0.082671  ]
 [ 0.09206672]
 [ 0.10182203]
 [ 0.1119134 ]
 [ 0.12231441]
 [ 0.1329927 ]
 [ 0.14391311]
 [ 0.15503748]
 [ 0.16632314]
 [ 0.17772444]
 [ 0.18919446]
 [ 0.2006823 ]
 [ 0.21213622]
 [ 0.22350295]
 [ 0.23472919]
 [ 0.24576004]
 [ 0.25654203]
 [ 0.26702154]
 [ 0.27714586]
 [ 0.2868641 ]
 [ 0.29612863]
 [ 0.3048932 ]
 [ 0.31311369]
 [ 0.32075047]
 [ 0.32776546]
 [ 0.33412731]
 [ 0.33980548]
 [ 0.34477484]
 [ 0.34901381]
 [ 0.35250545]
 [ 0.35523713]
 [ 0.35719895]
 [ 0.35838664]
 [ 0.35880029]
 [ 0.35844195]
 [ 0.35731864]
 [ 0.35544026]
 [ 0.35282063]
 [ 0.3494767 ]
 [ 0.34542775]
 [ 0.34069598]
 [ 0.33530486]
 [ 0.32928371]
 [ 0.32265866]
 [ 0.31546199]
 [ 0.30772388]
 [ 0.29947746]
 [ 0.29075742]
 [ 0.28159809]
 [ 0.27203476]
 [ 0.26210368]
 [ 0.25184071]
 [ 0.2412826 ]
 [ 0.23046507]
 [ 0.21942486]
 [ 0.20819677]
 [ 0.19681753]
 [ 0.18532135]
 [ 0.17374338]
 [ 0.16211678]
 [ 0.15047516]
 [ 0.13884975]
 [ 0.12727179]
 [ 0.11577143]
 [ 0.10437812]
 [ 0.09311916]
 [ 0.08202054]
 [ 0.07110752]
 [ 0.06040432]]",0.019720754
33,0.005,4,30,Swish,"[[-1.74880028e-04]
 [-1.00210309e-04]
 [-3.41981649e-05]
 [ 2.64197588e-05]
 [ 8.39978456e-05]
 [ 1.41382217e-04]
 [ 2.01001763e-04]
 [ 2.65151262e-04]
 [ 3.35529447e-04]
 [ 4.13805246e-04]
 [ 5.01751900e-04]
 [ 6.00174069e-04]
 [ 7.10323453e-04]
 [ 8.32661986e-04]
 [ 9.67696309e-04]
 [ 1.11575425e-03]
 [ 1.27659738e-03]
 [ 1.45028532e-03]
 [ 1.63617730e-03]
 [ 1.83339417e-03]
 [ 2.04145908e-03]
 [ 2.25885212e-03]
 [ 2.48472393e-03]
 [ 2.71724164e-03]
 [ 2.95503438e-03]
 [ 3.19579244e-03]
 [ 3.43753397e-03]
 [ 3.67785990e-03]
 [ 3.91410291e-03]
 [ 4.14329767e-03]
 [ 4.36195731e-03]
 [ 4.56671417e-03]
 [ 4.75361943e-03]
 [ 4.91829216e-03]
 [ 5.05642593e-03]
 [ 5.16338646e-03]
 [ 5.23442030e-03]
 [ 5.26486337e-03]
 [ 5.25021553e-03]
 [ 5.18669188e-03]
 [ 5.07082045e-03]
 [ 4.90085781e-03]
 [ 4.67614830e-03]
 [ 4.39806283e-03]
 [ 4.07092273e-03]
 [ 3.70176136e-03]
 [ 3.30172479e-03]
 [ 2.88626552e-03]
 [ 2.47620046e-03]
 [ 2.09818780e-03]
 [ 1.78611279e-03]
 [ 1.58068538e-03]
 [ 1.53133273e-03]
 [ 1.69645250e-03]
 [ 2.14363635e-03]
 [ 2.95092165e-03]
 [ 4.20649350e-03]
 [ 6.00966811e-03]
 [ 8.47007334e-03]
 [ 1.17079169e-02]
 [ 1.58536881e-02]
 [ 2.10468620e-02]
 [ 2.74351090e-02]
 [ 3.51721197e-02]
 [ 4.44167107e-02]
 [ 5.53285629e-02]
 [ 6.80661350e-02]
 [ 8.27835053e-02]
 [ 9.96241122e-02]
 [ 1.18718728e-01]
 [ 1.40178770e-01]
 [ 1.64090648e-01]
 [ 1.90511242e-01]
 [ 2.19461441e-01]
 [ 2.50921905e-01]
 [ 2.84827173e-01]
 [ 3.21062505e-01]
 [ 3.59459639e-01]
 [ 3.99795681e-01]
 [ 4.41794813e-01]
 [ 4.85124290e-01]
 [ 5.29402435e-01]
 [ 5.74198842e-01]
 [ 6.19043767e-01]
 [ 6.63430035e-01]
 [ 7.06826568e-01]
 [ 7.48684049e-01]
 [ 7.88444877e-01]
 [ 8.25553775e-01]
 [ 8.59469295e-01]
 [ 8.89670610e-01]
 [ 9.15673077e-01]
 [ 9.37035203e-01]
 [ 9.53370333e-01]
 [ 9.64356422e-01]
 [ 9.69743848e-01]
 [ 9.69367027e-01]
 [ 9.63149786e-01]
 [ 9.51109588e-01]
 [ 9.33364868e-01]
 [ 9.10132706e-01]
 [ 8.81733358e-01]
 [ 8.48577619e-01]
 [ 8.11168790e-01]
 [ 7.70085812e-01]
 [ 7.25970447e-01]
 [ 6.79513276e-01]
 [ 6.31432593e-01]
 [ 5.82455158e-01]
 [ 5.33295453e-01]
 [ 4.84632909e-01]
 [ 4.37098384e-01]
 [ 3.91253233e-01]
 [ 3.47576886e-01]
 [ 3.06461275e-01]
 [ 2.68201739e-01]
 [ 2.33001530e-01]
 [ 2.00972125e-01]
 [ 1.72141150e-01]
 [ 1.46462694e-01]
 [ 1.23829469e-01]
 [ 1.04083940e-01]
 [ 8.70323181e-02]
 [ 7.24551380e-02]
 [ 6.01187795e-02]
 [ 4.97849137e-02]
 [ 4.12180573e-02]
 [ 3.41913849e-02]]",0.0005009915
34,0.005,3,30,Swish,"[[ 1.73315406e-04]
 [ 3.95223498e-04]
 [ 5.94064593e-04]
 [ 7.75024295e-04]
 [ 9.40963626e-04]
 [ 1.09641254e-03]
 [ 1.24560297e-03]
 [ 1.39211118e-03]
 [ 1.54010952e-03]
 [ 1.69311464e-03]
 [ 1.85470283e-03]
 [ 2.02761590e-03]
 [ 2.21489370e-03]
 [ 2.41903961e-03]
 [ 2.64154375e-03]
 [ 2.88389623e-03]
 [ 3.14722955e-03]
 [ 3.43178213e-03]
 [ 3.73713672e-03]
 [ 4.06239927e-03]
 [ 4.40619886e-03]
 [ 4.76650894e-03]
 [ 5.13993204e-03]
 [ 5.52313030e-03]
 [ 5.91181219e-03]
 [ 6.30061328e-03]
 [ 6.68357313e-03]
 [ 7.05395639e-03]
 [ 7.40455091e-03]
 [ 7.72707164e-03]
 [ 8.01269710e-03]
 [ 8.25195014e-03]
 [ 8.43487680e-03]
 [ 8.55092704e-03]
 [ 8.58943164e-03]
 [ 8.54025781e-03]
 [ 8.39214027e-03]
 [ 8.13524425e-03]
 [ 7.76021183e-03]
 [ 7.25881755e-03]
 [ 6.62450492e-03]
 [ 5.85292280e-03]
 [ 4.94258106e-03]
 [ 3.89520824e-03]
 [ 2.71712244e-03]
 [ 1.41929090e-03]
 [ 1.94758177e-05]
 [-1.45889819e-03]
 [-2.98286974e-03]
 [-4.51184809e-03]
 [-5.99385798e-03]
 [-7.36762583e-03]
 [-8.55894387e-03]
 [-9.48180258e-03]
 [-1.00369602e-02]
 [-1.01128370e-02]
 [-9.58485901e-03]
 [-8.31688941e-03]
 [-6.16140664e-03]
 [-2.96367705e-03]
 [ 1.43902004e-03]
 [ 7.21077621e-03]
 [ 1.45166963e-02]
 [ 2.35160440e-02]
 [ 3.43586653e-02]
 [ 4.71802205e-02]
 [ 6.20956272e-02]
 [ 7.91958421e-02]
 [ 9.85405892e-02]
 [ 1.20156512e-01]
 [ 1.44031450e-01]
 [ 1.70112357e-01]
 [ 1.98304221e-01]
 [ 2.28469297e-01]
 [ 2.60426581e-01]
 [ 2.93955445e-01]
 [ 3.28797400e-01]
 [ 3.64661336e-01]
 [ 4.01228487e-01]
 [ 4.38154876e-01]
 [ 4.75082815e-01]
 [ 5.11642575e-01]
 [ 5.47459722e-01]
 [ 5.82164526e-01]
 [ 6.15392029e-01]
 [ 6.46792233e-01]
 [ 6.76033795e-01]
 [ 7.02807605e-01]
 [ 7.26831615e-01]
 [ 7.47853577e-01]
 [ 7.65653193e-01]
 [ 7.80045509e-01]
 [ 7.90883362e-01]
 [ 7.98055232e-01]
 [ 8.01490843e-01]
 [ 8.01157236e-01]
 [ 7.97062576e-01]
 [ 7.89251864e-01]
 [ 7.77811170e-01]
 [ 7.62859941e-01]
 [ 7.44560838e-01]
 [ 7.23105252e-01]
 [ 6.98721111e-01]
 [ 6.71664417e-01]
 [ 6.42220199e-01]
 [ 6.10697746e-01]
 [ 5.77427089e-01]
 [ 5.42753160e-01]
 [ 5.07035613e-01]
 [ 4.70640123e-01]
 [ 4.33932781e-01]
 [ 3.97276044e-01]
 [ 3.61023903e-01]
 [ 3.25513959e-01]
 [ 2.91063130e-01]
 [ 2.57961988e-01]
 [ 2.26471022e-01]
 [ 1.96815774e-01]
 [ 1.69182733e-01]
 [ 1.43718943e-01]
 [ 1.20530322e-01]
 [ 9.96799916e-02]
 [ 8.11910182e-02]
 [ 6.50477260e-02]
 [ 5.11981100e-02]
 [ 3.95580381e-02]
 [ 3.00153345e-02]
 [ 2.24340111e-02]]",0.004193321
35,0.0001,7,50,tanh,"[[-1.85567103e-02]
 [-1.83263086e-02]
 [-1.81361921e-02]
 [-1.79803409e-02]
 [-1.78523026e-02]
 [-1.77445747e-02]
 [-1.76494829e-02]
 [-1.75576098e-02]
 [-1.74599104e-02]
 [-1.73472278e-02]
 [-1.72081180e-02]
 [-1.70328133e-02]
 [-1.68098174e-02]
 [-1.65281482e-02]
 [-1.61754750e-02]
 [-1.57410391e-02]
 [-1.52129121e-02]
 [-1.45795830e-02]
 [-1.38294771e-02]
 [-1.29516907e-02]
 [-1.19353347e-02]
 [-1.07701272e-02]
 [-9.44595411e-03]
 [-7.95466453e-03]
 [-6.28688512e-03]
 [-4.43526311e-03]
 [-2.39344640e-03]
 [-1.55010726e-04]
 [ 2.28393124e-03]
 [ 4.92840307e-03]
 [ 7.78046669e-03]
 [ 1.08415931e-02]
 [ 1.41127929e-02]
 [ 1.75932609e-02]
 [ 2.12815441e-02]
 [ 2.51743030e-02]
 [ 2.92680115e-02]
 [ 3.35579589e-02]
 [ 3.80384214e-02]
 [ 4.27019596e-02]
 [ 4.75414433e-02]
 [ 5.25492206e-02]
 [ 5.77144511e-02]
 [ 6.30293265e-02]
 [ 6.84825554e-02]
 [ 7.40638003e-02]
 [ 7.97619373e-02]
 [ 8.55654702e-02]
 [ 9.14638788e-02]
 [ 9.74445716e-02]
 [ 1.03496403e-01]
 [ 1.09608166e-01]
 [ 1.15767874e-01]
 [ 1.21964350e-01]
 [ 1.28185868e-01]
 [ 1.34421989e-01]
 [ 1.40661553e-01]
 [ 1.46892697e-01]
 [ 1.53106675e-01]
 [ 1.59291446e-01]
 [ 1.65436596e-01]
 [ 1.71532750e-01]
 [ 1.77568287e-01]
 [ 1.83534086e-01]
 [ 1.89418912e-01]
 [ 1.95212439e-01]
 [ 2.00903997e-01]
 [ 2.06483364e-01]
 [ 2.11938232e-01]
 [ 2.17258111e-01]
 [ 2.22431690e-01]
 [ 2.27446184e-01]
 [ 2.32289925e-01]
 [ 2.36950189e-01]
 [ 2.41413131e-01]
 [ 2.45667338e-01]
 [ 2.49696940e-01]
 [ 2.53489584e-01]
 [ 2.57030874e-01]
 [ 2.60306448e-01]
 [ 2.63301998e-01]
 [ 2.66002685e-01]
 [ 2.68394619e-01]
 [ 2.70463616e-01]
 [ 2.72196054e-01]
 [ 2.73579270e-01]
 [ 2.74600446e-01]
 [ 2.75248080e-01]
 [ 2.75512189e-01]
 [ 2.75382519e-01]
 [ 2.74852753e-01]
 [ 2.73915291e-01]
 [ 2.72566736e-01]
 [ 2.70804673e-01]
 [ 2.68628925e-01]
 [ 2.66042382e-01]
 [ 2.63048738e-01]
 [ 2.59655744e-01]
 [ 2.55873412e-01]
 [ 2.51713544e-01]
 [ 2.47190714e-01]
 [ 2.42323533e-01]
 [ 2.37130791e-01]
 [ 2.31633902e-01]
 [ 2.25857839e-01]
 [ 2.19827309e-01]
 [ 2.13569403e-01]
 [ 2.07111895e-01]
 [ 2.00484633e-01]
 [ 1.93716675e-01]
 [ 1.86836720e-01]
 [ 1.79875687e-01]
 [ 1.72861546e-01]
 [ 1.65823817e-01]
 [ 1.58788815e-01]
 [ 1.51782632e-01]
 [ 1.44830793e-01]
 [ 1.37956336e-01]
 [ 1.31180182e-01]
 [ 1.24522261e-01]
 [ 1.18000410e-01]
 [ 1.11630462e-01]
 [ 1.05426379e-01]
 [ 9.94004831e-02]
 [ 9.35627148e-02]
 [ 8.79216865e-02]
 [ 8.24838355e-02]
 [ 7.72548541e-02]]",0.026064832
36,0.0001,3,30,Swish,"[[-0.02880173]
 [-0.02546   ]
 [-0.02209949]
 [-0.01872494]
 [-0.01533916]
 [-0.01194545]
 [-0.00854581]
 [-0.00514474]
 [-0.00174346]
 [ 0.00165257]
 [ 0.00504301]
 [ 0.00842318]
 [ 0.01179192]
 [ 0.01514635]
 [ 0.01848317]
 [ 0.0218007 ]
 [ 0.02509618]
 [ 0.02836779]
 [ 0.03161327]
 [ 0.03482947]
 [ 0.03801624]
 [ 0.04117046]
 [ 0.04428951]
 [ 0.04737277]
 [ 0.05041868]
 [ 0.05342434]
 [ 0.05638836]
 [ 0.05930982]
 [ 0.06218792]
 [ 0.06501982]
 [ 0.06780419]
 [ 0.07054139]
 [ 0.07322935]
 [ 0.07586674]
 [ 0.07845194]
 [ 0.08098445]
 [ 0.08346335]
 [ 0.08588771]
 [ 0.08825687]
 [ 0.09057025]
 [ 0.09282572]
 [ 0.09502364]
 [ 0.09716342]
 [ 0.09924475]
 [ 0.10126583]
 [ 0.1032275 ]
 [ 0.10512886]
 [ 0.10696933]
 [ 0.10874716]
 [ 0.11046503]
 [ 0.11211888]
 [ 0.11371193]
 [ 0.11524186]
 [ 0.11670927]
 [ 0.11811427]
 [ 0.11945436]
 [ 0.12073318]
 [ 0.12194667]
 [ 0.12309889]
 [ 0.12418661]
 [ 0.12521031]
 [ 0.12617168]
 [ 0.12706891]
 [ 0.12790349]
 [ 0.12867323]
 [ 0.12938133]
 [ 0.13002601]
 [ 0.1306071 ]
 [ 0.13112703]
 [ 0.13158265]
 [ 0.13197681]
 [ 0.13230833]
 [ 0.13257828]
 [ 0.13278726]
 [ 0.13293484]
 [ 0.1330207 ]
 [ 0.13304606]
 [ 0.13301188]
 [ 0.13291636]
 [ 0.1327621 ]
 [ 0.13254794]
 [ 0.13227531]
 [ 0.13194427]
 [ 0.13155469]
 [ 0.1311079 ]
 [ 0.13060385]
 [ 0.13004309]
 [ 0.1294252 ]
 [ 0.12875196]
 [ 0.12802371]
 [ 0.12723941]
 [ 0.12640125]
 [ 0.12551013]
 [ 0.12456537]
 [ 0.12356732]
 [ 0.12251631]
 [ 0.12141452]
 [ 0.12026123]
 [ 0.11905787]
 [ 0.11780328]
 [ 0.11650012]
 [ 0.11514822]
 [ 0.11374683]
 [ 0.11229906]
 [ 0.1108034 ]
 [ 0.10926107]
 [ 0.1076738 ]
 [ 0.10604081]
 [ 0.10436253]
 [ 0.10263983]
 [ 0.1008744 ]
 [ 0.09906635]
 [ 0.09721587]
 [ 0.09532321]
 [ 0.09339044]
 [ 0.09141801]
 [ 0.08940426]
 [ 0.0873519 ]
 [ 0.08526156]
 [ 0.08313362]
 [ 0.08096761]
 [ 0.07876614]
 [ 0.07652894]
 [ 0.07425604]
 [ 0.07194791]
 [ 0.06960753]
 [ 0.06723294]
 [ 0.0648259 ]]",0.11097276
37,0.0001,8,30,sigmoid,"[[0.01633793]
 [0.016256  ]
 [0.01617853]
 [0.01610508]
 [0.01603577]
 [0.01597021]
 [0.01590858]
 [0.01585051]
 [0.01579609]
 [0.01574507]
 [0.01569738]
 [0.01565277]
 [0.01561155]
 [0.01557314]
 [0.0155376 ]
 [0.01550489]
 [0.01547485]
 [0.01544746]
 [0.01542264]
 [0.01539993]
 [0.01537966]
 [0.01536148]
 [0.01534537]
 [0.01533116]
 [0.01531869]
 [0.01530779]
 [0.01529833]
 [0.01529028]
 [0.0152834 ]
 [0.01527735]
 [0.01527225]
 [0.01526766]
 [0.01526361]
 [0.01525981]
 [0.01525598]
 [0.01525196]
 [0.01524774]
 [0.01524278]
 [0.01523736]
 [0.01523093]
 [0.01522351]
 [0.0152149 ]
 [0.01520493]
 [0.01519356]
 [0.01518067]
 [0.01516616]
 [0.01514998]
 [0.01513223]
 [0.01511272]
 [0.0150917 ]
 [0.0150689 ]
 [0.01504468]
 [0.01501882]
 [0.0149917 ]
 [0.01496323]
 [0.01493367]
 [0.01490288]
 [0.01487129]
 [0.0148389 ]
 [0.0148057 ]
 [0.0147721 ]
 [0.01473787]
 [0.01470331]
 [0.01466877]
 [0.0146339 ]
 [0.01459926]
 [0.0145646 ]
 [0.01453006]
 [0.01449581]
 [0.01446188]
 [0.01442839]
 [0.01439529]
 [0.01436266]
 [0.01433062]
 [0.01429901]
 [0.01426793]
 [0.01423764]
 [0.01420786]
 [0.01417875]
 [0.01415029]
 [0.01412251]
 [0.01409536]
 [0.01406884]
 [0.01404292]
 [0.01401787]
 [0.01399329]
 [0.01396936]
 [0.01394605]
 [0.01392342]
 [0.01390138]
 [0.01387986]
 [0.01385909]
 [0.01383873]
 [0.0138192 ]
 [0.01379981]
 [0.01378121]
 [0.01376305]
 [0.0137456 ]
 [0.01372829]
 [0.01371177]
 [0.01369558]
 [0.01367983]
 [0.01366457]
 [0.01364964]
 [0.01363518]
 [0.01362124]
 [0.01360748]
 [0.01359414]
 [0.01358133]
 [0.01356881]
 [0.01355646]
 [0.01354475]
 [0.01353315]
 [0.01352189]
 [0.01351088]
 [0.01350024]
 [0.01348981]
 [0.01347956]
 [0.01346975]
 [0.01346018]
 [0.01345078]
 [0.01344159]
 [0.01343268]
 [0.01342393]
 [0.01341533]
 [0.01340702]
 [0.01339879]
 [0.01339077]]",0.06304903
38,0.01,8,20,tanh,"[[6.69302419e-04]
 [6.65577129e-04]
 [6.61911443e-04]
 [6.58424571e-04]
 [6.54937699e-04]
 [6.51510432e-04]
 [6.48291782e-04]
 [6.45073131e-04]
 [6.42122701e-04]
 [6.39261678e-04]
 [6.36490062e-04]
 [6.33867458e-04]
 [6.31483272e-04]
 [6.29307702e-04]
 [6.27310947e-04]
 [6.25671819e-04]
 [6.24390319e-04]
 [6.23436645e-04]
 [6.22900203e-04]
 [6.22900203e-04]
 [6.23406842e-04]
 [6.24718145e-04]
 [6.26685098e-04]
 [6.29605725e-04]
 [6.33450225e-04]
 [6.38427213e-04]
 [6.44745305e-04]
 [6.52553514e-04]
 [6.61851838e-04]
 [6.73117116e-04]
 [6.86408952e-04]
 [7.01965764e-04]
 [7.20055774e-04]
 [7.41066411e-04]
 [7.65206292e-04]
 [7.92982057e-04]
 [8.24810937e-04]
 [8.61080363e-04]
 [9.02445987e-04]
 [9.49593261e-04]
 [1.00350566e-03]
 [1.06522627e-03]
 [1.13594718e-03]
 [1.21745653e-03]
 [1.31160207e-03]
 [1.42118521e-03]
 [1.54933520e-03]
 [1.70013495e-03]
 [1.87885948e-03]
 [2.09212489e-03]
 [2.34839506e-03]
 [2.65878625e-03]
 [3.03769298e-03]
 [3.50392051e-03]
 [4.08241339e-03]
 [4.80640121e-03]
 [5.72055764e-03]
 [6.88505359e-03]
 [8.38193484e-03]
 [1.03218276e-02]
 [1.28535945e-02]
 [1.61732156e-02]
 [2.05298383e-02]
 [2.62227375e-02]
 [3.35802436e-02]
 [4.29178774e-02]
 [5.44851720e-02]
 [6.84379339e-02]
 [8.48769844e-02]
 [1.03957325e-01]
 [1.25967443e-01]
 [1.51266396e-01]
 [1.80060744e-01]
 [2.12105840e-01]
 [2.46527940e-01]
 [2.82012701e-01]
 [3.17470759e-01]
 [3.52844507e-01]
 [3.89470369e-01]
 [4.29670393e-01]
 [4.75714058e-01]
 [5.28489292e-01]
 [5.86466551e-01]
 [6.45814955e-01]
 [7.01913953e-01]
 [7.51242280e-01]
 [7.92271018e-01]
 [8.25166464e-01]
 [8.50998342e-01]
 [8.71066988e-01]
 [8.86548042e-01]
 [8.98369014e-01]
 [9.07210290e-01]
 [9.13541377e-01]
 [9.17665124e-01]
 [9.19749200e-01]
 [9.19847429e-01]
 [9.17903125e-01]
 [9.13743079e-01]
 [9.07053709e-01]
 [8.97341788e-01]
 [8.83874714e-01]
 [8.65607619e-01]
 [8.41125250e-01]
 [8.08690727e-01]
 [7.66600430e-01]
 [7.14105546e-01]
 [6.52869463e-01]
 [5.87831020e-01]
 [5.25775552e-01]
 [4.71941233e-01]
 [4.27777261e-01]
 [3.91515523e-01]
 [3.59977394e-01]
 [3.29965115e-01]
 [2.99033016e-01]
 [2.66048998e-01]
 [2.31531262e-01]
 [1.97333187e-01]
 [1.65586442e-01]
 [1.37654722e-01]
 [1.13825738e-01]
 [9.36463475e-02]
 [7.64082968e-02]
 [6.15011454e-02]
 [4.85735238e-02]
 [3.75251770e-02]
 [2.83751804e-02]]",0.0003727882
39,0.01,8,30,Swish,"[[-4.90874052e-04]
 [-4.68425453e-04]
 [-4.44047153e-04]
 [-4.18230891e-04]
 [-3.91289592e-04]
 [-3.63610685e-04]
 [-3.35559249e-04]
 [-3.07343900e-04]
 [-2.79247761e-04]
 [-2.51516700e-04]
 [-2.24366784e-04]
 [-1.98036432e-04]
 [-1.72689557e-04]
 [-1.48721039e-04]
 [-1.26354396e-04]
 [-1.06044114e-04]
 [-8.81999731e-05]
 [-7.32839108e-05]
 [-6.17876649e-05]
 [-5.41582704e-05]
 [-5.07831573e-05]
 [-5.19230962e-05]
 [-5.75706363e-05]
 [-6.75842166e-05]
 [-8.14795494e-05]
 [-9.84892249e-05]
 [-1.17614865e-04]
 [-1.37597322e-04]
 [-1.56857073e-04]
 [-1.73754990e-04]
 [-1.86458230e-04]
 [-1.92992389e-04]
 [-1.91412866e-04]
 [-1.79752707e-04]
 [-1.55985355e-04]
 [-1.18233263e-04]
 [-6.46933913e-05]
 [ 6.25848770e-06]
 [ 9.60677862e-05]
 [ 2.05948949e-04]
 [ 3.37004662e-04]
 [ 4.90270555e-04]
 [ 6.66931272e-04]
 [ 8.68603587e-04]
 [ 1.09786540e-03]
 [ 1.35858357e-03]
 [ 1.65652484e-03]
 [ 2.00010836e-03]
 [ 2.40094215e-03]
 [ 2.87469476e-03]
 [ 3.44193727e-03]
 [ 4.12910432e-03]
 [ 4.96946275e-03]
 [ 6.00425154e-03]
 [ 7.28383660e-03]
 [ 8.86880606e-03]
 [ 1.08309090e-02]
 [ 1.32539719e-02]
 [ 1.62343532e-02]
 [ 1.98808163e-02]
 [ 2.43142396e-02]
 [ 2.96665579e-02]
 [ 3.60788926e-02]
 [ 4.36998531e-02]
 [ 5.26825562e-02]
 [ 6.31829053e-02]
 [ 7.53571913e-02]
 [ 8.93596560e-02]
 [ 1.05342343e-01]
 [ 1.23453557e-01]
 [ 1.43836260e-01]
 [ 1.66627020e-01]
 [ 1.91951558e-01]
 [ 2.19918042e-01]
 [ 2.50607789e-01]
 [ 2.84061193e-01]
 [ 3.20260495e-01]
 [ 3.59110057e-01]
 [ 4.00420576e-01]
 [ 4.43893880e-01]
 [ 4.89117265e-01]
 [ 5.35568416e-01]
 [ 5.82629263e-01]
 [ 6.29610121e-01]
 [ 6.75780177e-01]
 [ 7.20398605e-01]
 [ 7.62745500e-01]
 [ 8.02147627e-01]
 [ 8.37995768e-01]
 [ 8.69757354e-01]
 [ 8.96984160e-01]
 [ 9.19312358e-01]
 [ 9.36462045e-01]
 [ 9.48232412e-01]
 [ 9.54500258e-01]
 [ 9.55215812e-01]
 [ 9.50400293e-01]
 [ 9.40143764e-01]
 [ 9.24605906e-01]
 [ 9.04017210e-01]
 [ 8.78677070e-01]
 [ 8.48955393e-01]
 [ 8.15290987e-01]
 [ 7.78184235e-01]
 [ 7.38190353e-01]
 [ 6.95906103e-01]
 [ 6.51951849e-01]
 [ 6.06951714e-01]
 [ 5.61515033e-01]
 [ 5.16213536e-01]
 [ 4.71567899e-01]
 [ 4.28036392e-01]
 [ 3.86010766e-01]
 [ 3.45818281e-01]
 [ 3.07721913e-01]
 [ 2.71930099e-01]
 [ 2.38597214e-01]
 [ 2.07827777e-01]
 [ 1.79680750e-01]
 [ 1.54168680e-01]
 [ 1.31260246e-01]
 [ 1.10884123e-01]
 [ 9.29315537e-02]
 [ 7.72640333e-02]
 [ 6.37191087e-02]
 [ 5.21181524e-02]
 [ 4.22727540e-02]
 [ 3.39934416e-02]]",0.0010278089
